Id;ParentId;Index;Title;Description
GM000A;;2;Gemeente;"De gemeentelijke indeling heeft betrekking op de bestuurlijke indeling op 1 januari 2022. De gemeente is de kleinste lokale bestuurseenheid, vastgesteld door de Staten-Generaal. 
De namen van gemeenten zijn dan ook -in tegenstelling tot woonplaatsnamen- formeel bij wet vastgelegd.




"
PV0000;;5;Provincie;Bestuurlijke onderverdeling van het Nederlands grondgebied. Nederland telt 12 provincies.
LD0000;;8;Landsdeel;"Regionale groepering van provincies. Nederland telt 4 landsdelen.

Noord-Nederland: Groningen, Fryslân, Drenthe
Oost-Nederland: Overijssel, Flevoland, Gelderland
West-Nederland: Utrecht, Noord-Holland, Zuid-Holland, Zeeland
Zuid-Nederland: Noord-Brabant, Limburg
"
