Identifier;MeasureGroupId;Index;Title;Description;DataType;Unit;Decimals;PresentationType
WP0001;;1;Woonplaatscode;"Tot de woonplaatsen in Nederland zijn gerekend de zogenaamde BAG-woonplaatsen, die door gemeenten bij introductie van de BAG (Basisregistratie Adressen en Gebouwen), of daarna, formeel bij woonplaatsbesluit zijn vastgesteld.
De lijst van BAG-woonplaatsen bevat naast de naam van de woonplaats, de gemeente, de provincie en het landsdeel waartoe de woonplaats behoort en een uniek nummer (de woonplaatscode per 1 januari 2022).
Alleen woonplaatsen die volgens het BAG-extract van februari 2022 bestonden op 1 januari 2022, zijn opgenomen. 



";String;Code;0;
GM000C;GM000A;3;Naam ;;String;Naam;0;
GM000B;GM000A;4;Code ;;String;Code;0;
PV0002;PV0000;6;Naam;;String;Naam;0;
PV0001;PV0000;7;Code;;String;Code;0;
LD0002;LD0000;9;Naam;;String;Naam;0;
LD0001;LD0000;10;Code;;String;Code;0;
