Id;Index;Title;Description;ParentId;DimensionId
0;0;Woonplaatsen op alfabet;;;Woonplaatsen
1;1;A;;0;Woonplaatsen
2;2;B;;0;Woonplaatsen
3;3;C;;0;Woonplaatsen
4;4;D;;0;Woonplaatsen
5;5;E;;0;Woonplaatsen
6;6;F;;0;Woonplaatsen
7;7;G;;0;Woonplaatsen
8;8;H;;0;Woonplaatsen
9;9;I;;0;Woonplaatsen
10;10;J;;0;Woonplaatsen
11;11;K;;0;Woonplaatsen
12;12;L;;0;Woonplaatsen
13;13;M;;0;Woonplaatsen
14;14;N;;0;Woonplaatsen
15;15;O;;0;Woonplaatsen
16;16;P;;0;Woonplaatsen
17;17;R;;0;Woonplaatsen
18;18;S;;0;Woonplaatsen
19;19;T;;0;Woonplaatsen
20;20;U;;0;Woonplaatsen
21;21;V;;0;Woonplaatsen
22;22;W;;0;Woonplaatsen
23;23;Y;;0;Woonplaatsen
24;24;Z;;0;Woonplaatsen
25;25;Woonplaatsen per landsdeel;;;Woonplaatsen
26;26;Noord-Nederland;;25;Woonplaatsen
27;27;Oost-Nederland;;25;Woonplaatsen
28;28;West-Nederland;;25;Woonplaatsen
29;29;Zuid-Nederland;;25;Woonplaatsen
30;30;Woonplaatsen per provincie;;;Woonplaatsen
31;31;Drenthe;;30;Woonplaatsen
32;32;Flevoland;;30;Woonplaatsen
33;33;Fryslân;;30;Woonplaatsen
34;34;Gelderland;;30;Woonplaatsen
35;35;Groningen;;30;Woonplaatsen
36;36;Limburg;;30;Woonplaatsen
37;37;Noord-Brabant;;30;Woonplaatsen
38;38;Noord-Holland;;30;Woonplaatsen
39;39;Overijssel;;30;Woonplaatsen
40;40;Utrecht;;30;Woonplaatsen
41;41;Zeeland;;30;Woonplaatsen
42;42;Zuid-Holland;;30;Woonplaatsen
43;43;Woonplaatsen per gemeente;;;Woonplaatsen
44;44;Aa en Hunze;;43;Woonplaatsen
45;45;Aalsmeer;;43;Woonplaatsen
46;46;Aalten;;43;Woonplaatsen
47;47;Achtkarspelen;;43;Woonplaatsen
48;48;Alblasserdam;;43;Woonplaatsen
49;49;Albrandswaard;;43;Woonplaatsen
50;50;Alkmaar;;43;Woonplaatsen
51;51;Almelo;;43;Woonplaatsen
52;52;Almere;;43;Woonplaatsen
53;53;Alphen aan den Rijn;;43;Woonplaatsen
54;54;Alphen-Chaam;;43;Woonplaatsen
55;55;Altena;;43;Woonplaatsen
56;56;Ameland;;43;Woonplaatsen
57;57;Amersfoort;;43;Woonplaatsen
58;58;Amstelveen;;43;Woonplaatsen
59;59;Amsterdam;;43;Woonplaatsen
60;60;Apeldoorn;;43;Woonplaatsen
61;61;Arnhem;;43;Woonplaatsen
62;62;Assen;;43;Woonplaatsen
63;63;Asten;;43;Woonplaatsen
64;64;Baarle-Nassau;;43;Woonplaatsen
65;65;Baarn;;43;Woonplaatsen
66;66;Barendrecht;;43;Woonplaatsen
67;67;Barneveld;;43;Woonplaatsen
68;68;Beek;;43;Woonplaatsen
69;69;Beekdaelen;;43;Woonplaatsen
70;70;Beesel;;43;Woonplaatsen
71;71;Berg en Dal;;43;Woonplaatsen
72;72;Bergeijk;;43;Woonplaatsen
73;73;Bergen (L.);;43;Woonplaatsen
74;74;Bergen (NH.);;43;Woonplaatsen
75;75;Bergen op Zoom;;43;Woonplaatsen
76;76;Berkelland;;43;Woonplaatsen
77;77;Bernheze;;43;Woonplaatsen
78;78;Best;;43;Woonplaatsen
79;79;Beuningen;;43;Woonplaatsen
80;80;Beverwijk;;43;Woonplaatsen
81;81;De Bilt;;43;Woonplaatsen
82;82;Bladel;;43;Woonplaatsen
83;83;Blaricum;;43;Woonplaatsen
84;84;Bloemendaal;;43;Woonplaatsen
85;85;Bodegraven-Reeuwijk;;43;Woonplaatsen
86;86;Boekel;;43;Woonplaatsen
87;87;Borger-Odoorn;;43;Woonplaatsen
88;88;Borne;;43;Woonplaatsen
89;89;Borsele;;43;Woonplaatsen
90;90;Boxtel;;43;Woonplaatsen
91;91;Breda;;43;Woonplaatsen
92;92;Brielle;;43;Woonplaatsen
93;93;Bronckhorst;;43;Woonplaatsen
94;94;Brummen;;43;Woonplaatsen
95;95;Brunssum;;43;Woonplaatsen
96;96;Bunnik;;43;Woonplaatsen
97;97;Bunschoten;;43;Woonplaatsen
98;98;Buren;;43;Woonplaatsen
99;99;Capelle aan den IJssel;;43;Woonplaatsen
100;100;Castricum;;43;Woonplaatsen
101;101;Coevorden;;43;Woonplaatsen
102;102;Cranendonck;;43;Woonplaatsen
103;103;Culemborg;;43;Woonplaatsen
104;104;Dalfsen;;43;Woonplaatsen
105;105;Dantumadiel;;43;Woonplaatsen
106;106;Delft;;43;Woonplaatsen
107;107;Deurne;;43;Woonplaatsen
108;108;Deventer;;43;Woonplaatsen
109;109;Diemen;;43;Woonplaatsen
110;110;Dijk en Waard;;43;Woonplaatsen
111;111;Dinkelland;;43;Woonplaatsen
112;112;Doesburg;;43;Woonplaatsen
113;113;Doetinchem;;43;Woonplaatsen
114;114;Dongen;;43;Woonplaatsen
115;115;Dordrecht;;43;Woonplaatsen
116;116;Drechterland;;43;Woonplaatsen
117;117;Drimmelen;;43;Woonplaatsen
118;118;Dronten;;43;Woonplaatsen
119;119;Druten;;43;Woonplaatsen
120;120;Duiven;;43;Woonplaatsen
121;121;Echt-Susteren;;43;Woonplaatsen
122;122;Edam-Volendam;;43;Woonplaatsen
123;123;Ede;;43;Woonplaatsen
124;124;Eemnes;;43;Woonplaatsen
125;125;Eemsdelta;;43;Woonplaatsen
126;126;Eersel;;43;Woonplaatsen
127;127;Eijsden-Margraten;;43;Woonplaatsen
128;128;Eindhoven;;43;Woonplaatsen
129;129;Elburg;;43;Woonplaatsen
130;130;Emmen;;43;Woonplaatsen
131;131;Enkhuizen;;43;Woonplaatsen
132;132;Enschede;;43;Woonplaatsen
133;133;Epe;;43;Woonplaatsen
134;134;Ermelo;;43;Woonplaatsen
135;135;Etten-Leur;;43;Woonplaatsen
136;136;De Fryske Marren;;43;Woonplaatsen
137;137;Geertruidenberg;;43;Woonplaatsen
138;138;Geldrop-Mierlo;;43;Woonplaatsen
139;139;Gemert-Bakel;;43;Woonplaatsen
140;140;Gennep;;43;Woonplaatsen
141;141;Gilze en Rijen;;43;Woonplaatsen
142;142;Goeree-Overflakkee;;43;Woonplaatsen
143;143;Goes;;43;Woonplaatsen
144;144;Goirle;;43;Woonplaatsen
145;145;Gooise Meren;;43;Woonplaatsen
146;146;Gorinchem;;43;Woonplaatsen
147;147;Gouda;;43;Woonplaatsen
148;148;'s-Gravenhage;;43;Woonplaatsen
149;149;Groningen;;43;Woonplaatsen
150;150;Gulpen-Wittem;;43;Woonplaatsen
151;151;Haaksbergen;;43;Woonplaatsen
152;152;Haarlem;;43;Woonplaatsen
153;153;Haarlemmermeer;;43;Woonplaatsen
154;154;Halderberge;;43;Woonplaatsen
155;155;Hardenberg;;43;Woonplaatsen
156;156;Harderwijk;;43;Woonplaatsen
157;157;Hardinxveld-Giessendam;;43;Woonplaatsen
158;158;Harlingen;;43;Woonplaatsen
159;159;Hattem;;43;Woonplaatsen
160;160;Heemskerk;;43;Woonplaatsen
161;161;Heemstede;;43;Woonplaatsen
162;162;Heerde;;43;Woonplaatsen
163;163;Heerenveen;;43;Woonplaatsen
164;164;Heerlen;;43;Woonplaatsen
165;165;Heeze-Leende;;43;Woonplaatsen
166;166;Heiloo;;43;Woonplaatsen
167;167;Den Helder;;43;Woonplaatsen
168;168;Hellendoorn;;43;Woonplaatsen
169;169;Hellevoetsluis;;43;Woonplaatsen
170;170;Helmond;;43;Woonplaatsen
171;171;Hendrik-Ido-Ambacht;;43;Woonplaatsen
172;172;Hengelo;;43;Woonplaatsen
173;173;'s-Hertogenbosch;;43;Woonplaatsen
174;174;Heumen;;43;Woonplaatsen
175;175;Heusden;;43;Woonplaatsen
176;176;Hillegom;;43;Woonplaatsen
177;177;Hilvarenbeek;;43;Woonplaatsen
178;178;Hilversum;;43;Woonplaatsen
179;179;Hoeksche Waard;;43;Woonplaatsen
180;180;Hof van Twente;;43;Woonplaatsen
181;181;Het Hogeland;;43;Woonplaatsen
182;182;Hollands Kroon;;43;Woonplaatsen
183;183;Hoogeveen;;43;Woonplaatsen
184;184;Hoorn;;43;Woonplaatsen
185;185;Horst aan de Maas;;43;Woonplaatsen
186;186;Houten;;43;Woonplaatsen
187;187;Huizen;;43;Woonplaatsen
188;188;Hulst;;43;Woonplaatsen
189;189;IJsselstein;;43;Woonplaatsen
190;190;Kaag en Braassem;;43;Woonplaatsen
191;191;Kampen;;43;Woonplaatsen
192;192;Kapelle;;43;Woonplaatsen
193;193;Katwijk;;43;Woonplaatsen
194;194;Kerkrade;;43;Woonplaatsen
195;195;Koggenland;;43;Woonplaatsen
196;196;Krimpen aan den IJssel;;43;Woonplaatsen
197;197;Krimpenerwaard;;43;Woonplaatsen
198;198;Laarbeek;;43;Woonplaatsen
199;199;Land van Cuijk;;43;Woonplaatsen
200;200;Landgraaf;;43;Woonplaatsen
201;201;Landsmeer;;43;Woonplaatsen
202;202;Lansingerland;;43;Woonplaatsen
203;203;Laren;;43;Woonplaatsen
204;204;Leeuwarden;;43;Woonplaatsen
205;205;Leiden;;43;Woonplaatsen
206;206;Leiderdorp;;43;Woonplaatsen
207;207;Leidschendam-Voorburg;;43;Woonplaatsen
208;208;Lelystad;;43;Woonplaatsen
209;209;Leudal;;43;Woonplaatsen
210;210;Leusden;;43;Woonplaatsen
211;211;Lingewaard;;43;Woonplaatsen
212;212;Lisse;;43;Woonplaatsen
213;213;Lochem;;43;Woonplaatsen
214;214;Loon op Zand;;43;Woonplaatsen
215;215;Lopik;;43;Woonplaatsen
216;216;Losser;;43;Woonplaatsen
217;217;Maasdriel;;43;Woonplaatsen
218;218;Maasgouw;;43;Woonplaatsen
219;219;Maashorst;;43;Woonplaatsen
220;220;Maassluis;;43;Woonplaatsen
221;221;Maastricht;;43;Woonplaatsen
222;222;Medemblik;;43;Woonplaatsen
223;223;Meerssen;;43;Woonplaatsen
224;224;Meierijstad;;43;Woonplaatsen
225;225;Meppel;;43;Woonplaatsen
226;226;Middelburg;;43;Woonplaatsen
227;227;Midden-Delfland;;43;Woonplaatsen
228;228;Midden-Drenthe;;43;Woonplaatsen
229;229;Midden-Groningen;;43;Woonplaatsen
230;230;Moerdijk;;43;Woonplaatsen
231;231;Molenlanden;;43;Woonplaatsen
232;232;Montferland;;43;Woonplaatsen
233;233;Montfoort;;43;Woonplaatsen
234;234;Mook en Middelaar;;43;Woonplaatsen
235;235;Neder-Betuwe;;43;Woonplaatsen
236;236;Nederweert;;43;Woonplaatsen
237;237;Nieuwegein;;43;Woonplaatsen
238;238;Nieuwkoop;;43;Woonplaatsen
239;239;Nijkerk;;43;Woonplaatsen
240;240;Nijmegen;;43;Woonplaatsen
241;241;Nissewaard;;43;Woonplaatsen
242;242;Noardeast-Fryslân;;43;Woonplaatsen
243;243;Noord-Beveland;;43;Woonplaatsen
244;244;Noordenveld;;43;Woonplaatsen
245;245;Noordoostpolder;;43;Woonplaatsen
246;246;Noordwijk;;43;Woonplaatsen
247;247;Nuenen, Gerwen en Nederwetten;;43;Woonplaatsen
248;248;Nunspeet;;43;Woonplaatsen
249;249;Oegstgeest;;43;Woonplaatsen
250;250;Oirschot;;43;Woonplaatsen
251;251;Oisterwijk;;43;Woonplaatsen
252;252;Oldambt;;43;Woonplaatsen
253;253;Oldebroek;;43;Woonplaatsen
254;254;Oldenzaal;;43;Woonplaatsen
255;255;Olst-Wijhe;;43;Woonplaatsen
256;256;Ommen;;43;Woonplaatsen
257;257;Oost Gelre;;43;Woonplaatsen
258;258;Oosterhout;;43;Woonplaatsen
259;259;Ooststellingwerf;;43;Woonplaatsen
260;260;Oostzaan;;43;Woonplaatsen
261;261;Opmeer;;43;Woonplaatsen
262;262;Opsterland;;43;Woonplaatsen
263;263;Oss;;43;Woonplaatsen
264;264;Oude IJsselstreek;;43;Woonplaatsen
265;265;Ouder-Amstel;;43;Woonplaatsen
266;266;Oudewater;;43;Woonplaatsen
267;267;Overbetuwe;;43;Woonplaatsen
268;268;Papendrecht;;43;Woonplaatsen
269;269;Peel en Maas;;43;Woonplaatsen
270;270;Pekela;;43;Woonplaatsen
271;271;Pijnacker-Nootdorp;;43;Woonplaatsen
272;272;Purmerend;;43;Woonplaatsen
273;273;Putten;;43;Woonplaatsen
274;274;Raalte;;43;Woonplaatsen
275;275;Reimerswaal;;43;Woonplaatsen
276;276;Renkum;;43;Woonplaatsen
277;277;Renswoude;;43;Woonplaatsen
278;278;Reusel-De Mierden;;43;Woonplaatsen
279;279;Rheden;;43;Woonplaatsen
280;280;Rhenen;;43;Woonplaatsen
281;281;Ridderkerk;;43;Woonplaatsen
282;282;Rijssen-Holten;;43;Woonplaatsen
283;283;Rijswijk;;43;Woonplaatsen
284;284;Roerdalen;;43;Woonplaatsen
285;285;Roermond;;43;Woonplaatsen
286;286;De Ronde Venen;;43;Woonplaatsen
287;287;Roosendaal;;43;Woonplaatsen
288;288;Rotterdam;;43;Woonplaatsen
289;289;Rozendaal;;43;Woonplaatsen
290;290;Rucphen;;43;Woonplaatsen
291;291;Schagen;;43;Woonplaatsen
292;292;Scherpenzeel;;43;Woonplaatsen
293;293;Schiedam;;43;Woonplaatsen
294;294;Schiermonnikoog;;43;Woonplaatsen
295;295;Schouwen-Duiveland;;43;Woonplaatsen
296;296;Simpelveld;;43;Woonplaatsen
297;297;Sint-Michielsgestel;;43;Woonplaatsen
298;298;Sittard-Geleen;;43;Woonplaatsen
299;299;Sliedrecht;;43;Woonplaatsen
300;300;Sluis;;43;Woonplaatsen
301;301;Smallingerland;;43;Woonplaatsen
302;302;Soest;;43;Woonplaatsen
303;303;Someren;;43;Woonplaatsen
304;304;Son en Breugel;;43;Woonplaatsen
305;305;Stadskanaal;;43;Woonplaatsen
306;306;Staphorst;;43;Woonplaatsen
307;307;Stede Broec;;43;Woonplaatsen
308;308;Steenbergen;;43;Woonplaatsen
309;309;Steenwijkerland;;43;Woonplaatsen
310;310;Stein;;43;Woonplaatsen
311;311;Stichtse Vecht;;43;Woonplaatsen
312;312;Súdwest-Fryslân;;43;Woonplaatsen
313;313;Terneuzen;;43;Woonplaatsen
314;314;Terschelling;;43;Woonplaatsen
315;315;Texel;;43;Woonplaatsen
316;316;Teylingen;;43;Woonplaatsen
317;317;Tholen;;43;Woonplaatsen
318;318;Tiel;;43;Woonplaatsen
319;319;Tilburg;;43;Woonplaatsen
320;320;Tubbergen;;43;Woonplaatsen
321;321;Twenterand;;43;Woonplaatsen
322;322;Tynaarlo;;43;Woonplaatsen
323;323;Tytsjerksteradiel;;43;Woonplaatsen
324;324;Uitgeest;;43;Woonplaatsen
325;325;Uithoorn;;43;Woonplaatsen
326;326;Urk;;43;Woonplaatsen
327;327;Utrecht;;43;Woonplaatsen
328;328;Utrechtse Heuvelrug;;43;Woonplaatsen
329;329;Vaals;;43;Woonplaatsen
330;330;Valkenburg aan de Geul;;43;Woonplaatsen
331;331;Valkenswaard;;43;Woonplaatsen
332;332;Veendam;;43;Woonplaatsen
333;333;Veenendaal;;43;Woonplaatsen
334;334;Veere;;43;Woonplaatsen
335;335;Veldhoven;;43;Woonplaatsen
336;336;Velsen;;43;Woonplaatsen
337;337;Venlo;;43;Woonplaatsen
338;338;Venray;;43;Woonplaatsen
339;339;Vijfheerenlanden;;43;Woonplaatsen
340;340;Vlaardingen;;43;Woonplaatsen
341;341;Vlieland;;43;Woonplaatsen
342;342;Vlissingen;;43;Woonplaatsen
343;343;Voerendaal;;43;Woonplaatsen
344;344;Voorschoten;;43;Woonplaatsen
345;345;Voorst;;43;Woonplaatsen
346;346;Vught;;43;Woonplaatsen
347;347;Waadhoeke;;43;Woonplaatsen
348;348;Waalre;;43;Woonplaatsen
349;349;Waalwijk;;43;Woonplaatsen
350;350;Waddinxveen;;43;Woonplaatsen
351;351;Wageningen;;43;Woonplaatsen
352;352;Wassenaar;;43;Woonplaatsen
353;353;Waterland;;43;Woonplaatsen
354;354;Weert;;43;Woonplaatsen
355;355;Weesp;;43;Woonplaatsen
356;356;West Betuwe;;43;Woonplaatsen
357;357;West Maas en Waal;;43;Woonplaatsen
358;358;Westerkwartier;;43;Woonplaatsen
359;359;Westerveld;;43;Woonplaatsen
360;360;Westervoort;;43;Woonplaatsen
361;361;Westerwolde;;43;Woonplaatsen
362;362;Westland;;43;Woonplaatsen
363;363;Weststellingwerf;;43;Woonplaatsen
364;364;Westvoorne;;43;Woonplaatsen
365;365;Wierden;;43;Woonplaatsen
366;366;Wijchen;;43;Woonplaatsen
367;367;Wijdemeren;;43;Woonplaatsen
368;368;Wijk bij Duurstede;;43;Woonplaatsen
369;369;Winterswijk;;43;Woonplaatsen
370;370;Woensdrecht;;43;Woonplaatsen
371;371;Woerden;;43;Woonplaatsen
372;372;De Wolden;;43;Woonplaatsen
373;373;Wormerland;;43;Woonplaatsen
374;374;Woudenberg;;43;Woonplaatsen
375;375;Zaanstad;;43;Woonplaatsen
376;376;Zaltbommel;;43;Woonplaatsen
377;377;Zandvoort;;43;Woonplaatsen
378;378;Zeewolde;;43;Woonplaatsen
379;379;Zeist;;43;Woonplaatsen
380;380;Zevenaar;;43;Woonplaatsen
381;381;Zoetermeer;;43;Woonplaatsen
382;382;Zoeterwoude;;43;Woonplaatsen
383;383;Zuidplas;;43;Woonplaatsen
384;384;Zundert;;43;Woonplaatsen
385;385;Zutphen;;43;Woonplaatsen
386;386;Zwartewaterland;;43;Woonplaatsen
387;387;Zwijndrecht;;43;Woonplaatsen
388;388;Zwolle;;43;Woonplaatsen
