Identifier;DimensionGroupId;DimensionId;Index;Title;Description
WP1925;1;Woonplaatsen;1;Aadorp;
WP2774;1;Woonplaatsen;2;Aagtekerke;
WP2145;1;Woonplaatsen;3;Aalden;
WP2571;1;Woonplaatsen;4;Aalsmeer;
WP1600;1;Woonplaatsen;5;Aalsmeerderbrug;
WP2626;1;Woonplaatsen;6;Aalst;
WP3387;1;Woonplaatsen;7;Aalsum;
WP1193;1;Woonplaatsen;8;Aalten;
WP2673;1;Woonplaatsen;9;Ter Aar;
WP2394;1;Woonplaatsen;10;Ter Aard;
WP2961;1;Woonplaatsen;11;Aardenburg;
WP1079;1;Woonplaatsen;12;Aarlanderveen;
WP1445;1;Woonplaatsen;13;Aarle-Rixtel;
WP2788;1;Woonplaatsen;14;Aartswoud;
WP2400;1;Woonplaatsen;15;Abbega;
WP3147;1;Woonplaatsen;16;Abbekerk;
WP1385;1;Woonplaatsen;17;Abbenbroek;
WP1608;1;Woonplaatsen;18;Abbenes;
WP1332;1;Woonplaatsen;19;Abcoude;
WP1364;1;Woonplaatsen;20;Achlum;
WP1063;1;Woonplaatsen;21;Achterveld;
WP2640;1;Woonplaatsen;22;Achterveld;
WP2131;1;Woonplaatsen;23;Achthuizen;
WP3493;1;Woonplaatsen;24;Achtmaal;
WP3527;1;Woonplaatsen;25;Acquoy;
WP2464;1;Woonplaatsen;26;Adorp;
WP2114;1;Woonplaatsen;27;Aduard;
WP2652;1;Woonplaatsen;28;Aerdenhout;
WP2976;1;Woonplaatsen;29;Aerdt;
WP2902;1;Woonplaatsen;30;Afferden;
WP1122;1;Woonplaatsen;31;Afferden L;
WP1407;1;Woonplaatsen;32;Agelo;
WP2267;1;Woonplaatsen;33;Akersloot;
WP2525;1;Woonplaatsen;34;Akkrum;
WP2484;1;Woonplaatsen;35;Akmarijp;
WP1283;1;Woonplaatsen;36;Albergen;
WP2386;1;Woonplaatsen;37;Alblasserdam;
WP3224;1;Woonplaatsen;38;Alde Leie;
WP2532;1;Woonplaatsen;39;Aldeboarn;
WP2441;1;Woonplaatsen;40;Aldtsjerk;
WP1623;1;Woonplaatsen;41;Alem;
WP2348;1;Woonplaatsen;42;Alkmaar;
WP2301;1;Woonplaatsen;43;Allingawier;
WP1924;1;Woonplaatsen;44;Almelo;
WP1334;1;Woonplaatsen;45;Almen;
WP1270;1;Woonplaatsen;46;Almere;
WP3300;1;Woonplaatsen;47;Almkerk;
WP1766;1;Woonplaatsen;48;Alphen;
WP3432;1;Woonplaatsen;49;Alphen;
WP1080;1;Woonplaatsen;50;Alphen aan den Rijn;
WP1633;1;Woonplaatsen;51;Alteveer;
WP3079;1;Woonplaatsen;52;Alteveer;
WP3160;1;Woonplaatsen;53;Alteveer;
WP1810;1;Woonplaatsen;54;Alteveer gem Hoogeveen;
WP1767;1;Woonplaatsen;55;Altforst;
WP1438;1;Woonplaatsen;56;Ambt Delden;
WP2106;1;Woonplaatsen;57;Ameide;
WP1147;1;Woonplaatsen;58;Amen;
WP1026;1;Woonplaatsen;59;America;
WP3337;1;Woonplaatsen;60;Amerongen;
WP1664;1;Woonplaatsen;61;Amersfoort;
WP2367;1;Woonplaatsen;62;Ammerstol;
WP1624;1;Woonplaatsen;63;Ammerzoden;
WP3547;1;Woonplaatsen;64;Amstelhoek;
WP1050;1;Woonplaatsen;65;Amstelveen;
WP2099;1;Woonplaatsen;66;Amstenrade;
WP3594;1;Woonplaatsen;67;Amsterdam;
WP3569;1;Woonplaatsen;68;Amsterdam-Duivendrecht;
WP3301;1;Woonplaatsen;69;Andel;
WP2466;1;Woonplaatsen;70;Den Andel;
WP1862;1;Woonplaatsen;71;Andelst;
WP1148;1;Woonplaatsen;72;Anderen;
WP1053;1;Woonplaatsen;73;Andijk;
WP1537;1;Woonplaatsen;74;Ane;
WP1538;1;Woonplaatsen;75;Anerveen;
WP1539;1;Woonplaatsen;76;Anevelde;
WP3133;1;Woonplaatsen;77;Angeren;
WP1299;1;Woonplaatsen;78;Angerlo;
WP3388;1;Woonplaatsen;79;Anjum;
WP2999;1;Woonplaatsen;80;Ankeveen;
WP1149;1;Woonplaatsen;81;Anloo;
WP3185;1;Woonplaatsen;82;Anna Paulowna;
WP1150;1;Woonplaatsen;83;Annen;
WP1151;1;Woonplaatsen;84;Annerveenschekanaal;
WP3104;1;Woonplaatsen;85;Ansen;
WP3161;1;Woonplaatsen;86;Ansen;
WP2296;1;Woonplaatsen;87;Ter Apel;
WP3560;1;Woonplaatsen;88;Apeldoorn;
WP2297;1;Woonplaatsen;89;Ter Apelkanaal;
WP1753;1;Woonplaatsen;90;Appelscha;
WP1768;1;Woonplaatsen;91;Appeltern;
WP3386;1;Woonplaatsen;92;Appingedam;
WP3140;1;Woonplaatsen;93;Arcen;
WP1432;1;Woonplaatsen;94;Arkel;
WP1008;1;Woonplaatsen;95;Arnemuiden;
WP1296;1;Woonplaatsen;96;Arnhem;
WP3630;1;Woonplaatsen;97;Arriën;
WP2302;1;Woonplaatsen;98;Arum;
WP3370;1;Woonplaatsen;99;Asch;
WP2353;1;Woonplaatsen;100;Asperen;
WP2391;1;Woonplaatsen;101;Assen;
WP1878;1;Woonplaatsen;102;Assendelft;
WP2928;1;Woonplaatsen;103;Asten;
WP3307;1;Woonplaatsen;104;Augsbuurt;
WP3173;1;Woonplaatsen;105;Augustinusga;
WP2824;1;Woonplaatsen;106;Austerlitz;
WP1183;1;Woonplaatsen;107;Avenhorn;
WP1128;1;Woonplaatsen;108;Axel;
WP2202;1;Woonplaatsen;109;Azewijn;
WP2621;2;Woonplaatsen;110;Baaiduinen;
WP2008;2;Woonplaatsen;111;Baaium;
WP1527;2;Woonplaatsen;112;Baak;
WP1333;2;Woonplaatsen;113;Baambrugge;
WP2009;2;Woonplaatsen;114;Baard;
WP1251;2;Woonplaatsen;115;Baarland;
WP2883;2;Woonplaatsen;116;Baarle-Nassau;
WP2602;2;Woonplaatsen;117;Baarlo;
WP2691;2;Woonplaatsen;118;Baarlo;
WP1092;2;Woonplaatsen;119;Baarn;
WP2692;2;Woonplaatsen;120;Baars;
WP1298;2;Woonplaatsen;121;Babberich;
WP1951;2;Woonplaatsen;122;Babyloniënbroek;
WP1420;2;Woonplaatsen;123;Bad Nieuweschans;
WP1617;2;Woonplaatsen;124;Badhoevedorp;
WP2940;2;Woonplaatsen;125;Baexem;
WP2465;2;Woonplaatsen;126;Baflo;
WP2090;2;Woonplaatsen;127;Bakel;
WP1673;2;Woonplaatsen;128;Bakhuizen;
WP3342;2;Woonplaatsen;129;Bakkeveen;
WP2570;2;Woonplaatsen;130;Balgoij;
WP3005;2;Woonplaatsen;131;Balinge;
WP1674;2;Woonplaatsen;132;Balk;
WP1540;2;Woonplaatsen;133;Balkbrug;
WP1153;2;Woonplaatsen;134;Balloërveld;
WP1152;2;Woonplaatsen;135;Balloo;
WP2587;2;Woonplaatsen;136;Ballum;
WP3067;2;Woonplaatsen;137;Baneheide;
WP1690;2;Woonplaatsen;138;Banholt;
WP1272;2;Woonplaatsen;139;Bant;
WP2239;2;Woonplaatsen;140;Bantega;
WP1335;2;Woonplaatsen;141;Barchem;
WP1594;2;Woonplaatsen;142;Barendrecht;
WP1987;2;Woonplaatsen;143;Barger-Compascuum;
WP3597;2;Woonplaatsen;144;Barneveld;
WP2514;2;Woonplaatsen;145;Barsingerhorn;
WP2693;2;Woonplaatsen;146;Basse;
WP2568;2;Woonplaatsen;147;Batenburg;
WP2854;2;Woonplaatsen;148;Bathmen;
WP3624;2;Woonplaatsen;149;Bavel;
WP3437;2;Woonplaatsen;150;Bavel AC;
WP2010;2;Woonplaatsen;151;Bears;
WP2829;2;Woonplaatsen;152;Bedum;
WP1918;2;Woonplaatsen;153;Beegden;
WP1670;2;Woonplaatsen;154;Beek;
WP2203;2;Woonplaatsen;155;Beek;
WP2872;2;Woonplaatsen;156;Beek;
WP1446;2;Woonplaatsen;157;Beek en Donk;
WP2258;2;Woonplaatsen;158;Beekbergen;
WP2254;2;Woonplaatsen;159;Beemte Broekland;
WP1449;2;Woonplaatsen;160;Beers NB;
WP3508;2;Woonplaatsen;161;Beerta;
WP2548;2;Woonplaatsen;162;Beerze;
WP2549;2;Woonplaatsen;163;Beerzerveld;
WP3213;2;Woonplaatsen;164;Beesd;
WP1950;2;Woonplaatsen;165;Beesel;
WP1837;2;Woonplaatsen;166;Beets;
WP3343;2;Woonplaatsen;167;Beetsterzwaag;
WP3006;2;Woonplaatsen;168;Beilen;
WP1610;2;Woonplaatsen;169;Beinsdorp;
WP1476;2;Woonplaatsen;170;Belfeld;
WP2231;2;Woonplaatsen;171;Bellingwolde;
WP1661;2;Woonplaatsen;172;Beltrum;
WP2694;2;Woonplaatsen;173;Belt-Schutsloot;
WP1691;2;Woonplaatsen;174;Bemelen;
WP3131;2;Woonplaatsen;175;Bemmel;
WP1769;2;Woonplaatsen;176;Beneden-Leeuwen;
WP3533;2;Woonplaatsen;177;Bennebroek;
WP2766;2;Woonplaatsen;178;Bennekom;
WP2146;2;Woonplaatsen;179;Benneveld;
WP3148;2;Woonplaatsen;180;Benningbroek;
WP1958;2;Woonplaatsen;181;Benschop;
WP1439;2;Woonplaatsen;182;Bentelo;
WP2853;2;Woonplaatsen;183;Benthuizen;
WP1306;2;Woonplaatsen;184;Bentveld;
WP3618;2;Woonplaatsen;185;Berg en Dal;
WP1716;2;Woonplaatsen;186;Berg en Terblijt;
WP2365;2;Woonplaatsen;187;Bergambacht;
WP1457;2;Woonplaatsen;188;Bergeijk;
WP3047;2;Woonplaatsen;189;Bergen (NH);
WP3046;2;Woonplaatsen;190;Bergen aan Zee;
WP1121;2;Woonplaatsen;191;Bergen L;
WP1937;2;Woonplaatsen;192;Bergen op Zoom;
WP1541;2;Woonplaatsen;193;Bergentheim;
WP2565;2;Woonplaatsen;194;Bergharen;
WP3250;2;Woonplaatsen;195;Berghem;
WP1688;2;Woonplaatsen;196;Bergschenhoek;
WP3438;2;Woonplaatsen;197;Beringe;
WP1687;2;Woonplaatsen;198;Berkel en Rodenrijs;
WP1044;2;Woonplaatsen;199;Berkel-Enschot;
WP2366;2;Woonplaatsen;200;Berkenwoude;
WP1184;2;Woonplaatsen;201;Berkhout;
WP2057;2;Woonplaatsen;202;Berlicum;
WP2724;2;Woonplaatsen;203;Berltsum;
WP2627;2;Woonplaatsen;204;Bern;
WP1456;2;Woonplaatsen;205;Best;
WP1214;2;Woonplaatsen;206;Beugen;
WP1711;2;Woonplaatsen;207;Beuningen;
WP2751;2;Woonplaatsen;208;Beuningen Gld;
WP3371;2;Woonplaatsen;209;Beusichem;
WP1230;2;Woonplaatsen;210;Beutenaken;
WP2735;2;Woonplaatsen;211;Beverwijk;
WP2429;2;Woonplaatsen;212;Biddinghuizen;
WP3232;2;Woonplaatsen;213;Bierum;
WP2975;2;Woonplaatsen;214;Biervliet;
WP1129;2;Woonplaatsen;215;Biervliet;
WP1309;2;Woonplaatsen;216;Biest-Houtakker;
WP1425;2;Woonplaatsen;217;Biezenmortel;
WP2775;2;Woonplaatsen;218;Biggekerke;
WP2934;2;Woonplaatsen;219;De Bilt;
WP2935;2;Woonplaatsen;220;Bilthoven;
WP2845;2;Woonplaatsen;221;Bingelrade;
WP2722;2;Woonplaatsen;222;Bitgum;
WP2723;2;Woonplaatsen;223;Bitgummole;
WP1064;2;Woonplaatsen;224;Bladel;
WP2695;2;Woonplaatsen;225;Blankenham;
WP2828;2;Woonplaatsen;226;Blaricum;
WP3509;2;Woonplaatsen;227;Blauwestad;
WP2401;2;Woonplaatsen;228;Blauwhuis;
WP1689;2;Woonplaatsen;229;Bleiswijk;
WP1720;2;Woonplaatsen;230;Blesdijke;
WP1980;2;Woonplaatsen;231;Bleskensgraaf ca;
WP1722;2;Woonplaatsen;232;De Blesse;
WP2725;2;Woonplaatsen;233;Blessum;
WP3199;2;Woonplaatsen;234;Blije;
WP2232;2;Woonplaatsen;235;Blijham;
WP1856;2;Woonplaatsen;236;Blitterswijck;
WP2654;2;Woonplaatsen;237;Bloemendaal;
WP3613;2;Woonplaatsen;238;Blokker;
WP2696;2;Woonplaatsen;239;Blokzijl;
WP2011;2;Woonplaatsen;240;Boazum;
WP3066;2;Woonplaatsen;241;Bocholtz;
WP2665;2;Woonplaatsen;242;Bodegraven;
WP3138;2;Woonplaatsen;243;Boekel;
WP3174;2;Woonplaatsen;244;Boelenslaan;
WP1371;2;Woonplaatsen;245;Boer;
WP1829;2;Woonplaatsen;246;Ten Boer;
WP2259;2;Woonplaatsen;247;Boerakker;
WP1615;2;Woonplaatsen;248;Boesingheliede;
WP1721;2;Woonplaatsen;249;Boijl;
WP2726;2;Woonplaatsen;250;Boksum;
WP2079;2;Woonplaatsen;251;Bolsward;
WP2132;2;Woonplaatsen;252;Den Bommel;
WP2193;2;Woonplaatsen;253;Bontebok;
WP3275;2;Woonplaatsen;254;Boornbergum;
WP2485;2;Woonplaatsen;255;Boornzwaag;
WP1659;2;Woonplaatsen;256;Borculo;
WP1782;2;Woonplaatsen;257;Borger;
WP2275;2;Woonplaatsen;258;Borgercompagnie;
WP1242;2;Woonplaatsen;259;Borgercompagnie;
WP3233;2;Woonplaatsen;260;Borgsweer;
WP2808;2;Woonplaatsen;261;Born;
WP3511;2;Woonplaatsen;262;Borne;
WP1926;2;Woonplaatsen;263;Bornerbroek;
WP3389;2;Woonplaatsen;264;Bornwird;
WP1252;2;Woonplaatsen;265;Borssele;
WP2823;2;Woonplaatsen;266;Bosch en Duin;
WP3105;2;Woonplaatsen;267;Boschoord;
WP2998;2;Woonplaatsen;268;Boskoop;
WP1249;2;Woonplaatsen;269;Bosschenhoofd;
WP3080;2;Woonplaatsen;270;Botlek Rotterdam;
WP2294;2;Woonplaatsen;271;Bourtange;
WP1102;2;Woonplaatsen;272;Bovenkarspel;
WP1770;2;Woonplaatsen;273;Boven-Leeuwen;
WP3007;2;Woonplaatsen;274;Bovensmilde;
WP1215;2;Woonplaatsen;275;Boxmeer;
WP2439;2;Woonplaatsen;276;Boxtel;
WP2204;2;Woonplaatsen;277;Braamt;
WP2628;2;Woonplaatsen;278;Brakel;
WP1981;2;Woonplaatsen;279;Brandwijk;
WP3390;2;Woonplaatsen;280;Brantgum;
WP3622;2;Woonplaatsen;281;Breda;
WP1194;2;Woonplaatsen;282;Bredevoort;
WP1587;2;Woonplaatsen;283;Breedenbroek;
WP3186;2;Woonplaatsen;284;Breezand;
WP2303;2;Woonplaatsen;285;Breezanddijk;
WP2965;2;Woonplaatsen;286;Breskens;
WP1392;2;Woonplaatsen;287;Breukelen;
WP3004;2;Woonplaatsen;288;Breukeleveen;
WP2368;2;Woonplaatsen;289;Brielle;
WP2115;2;Woonplaatsen;290;Briltil;
WP3225;2;Woonplaatsen;291;Britsum;
WP2012;2;Woonplaatsen;292;Britswert;
WP2486;2;Woonplaatsen;293;Broek;
WP1940;2;Woonplaatsen;294;Broek in Waterland;
WP1116;2;Woonplaatsen;295;Broek op Langedijk;
WP1027;2;Woonplaatsen;296;Broekhuizen;
WP1086;2;Woonplaatsen;297;Broekhuizen;
WP1028;2;Woonplaatsen;298;Broekhuizenvorst;
WP1497;2;Woonplaatsen;299;Broekland;
WP3265;2;Woonplaatsen;300;Broeksterwâld;
WP1530;2;Woonplaatsen;301;Bronkhorst;
WP1783;2;Woonplaatsen;302;Bronneger;
WP1784;2;Woonplaatsen;303;Bronnegerveen;
WP2674;2;Woonplaatsen;304;Brouwershaven;
WP2629;2;Woonplaatsen;305;Bruchem;
WP1542;2;Woonplaatsen;306;Brucht;
WP3609;2;Woonplaatsen;307;Bruchterveld;
WP3320;2;Woonplaatsen;308;Bruinehaar;
WP2675;2;Woonplaatsen;309;Bruinisse;
WP1111;2;Woonplaatsen;310;Brummen;
WP2849;2;Woonplaatsen;311;Brunssum;
WP3008;2;Woonplaatsen;312;Bruntinge;
WP2809;2;Woonplaatsen;313;Buchten;
WP1571;2;Woonplaatsen;314;Budel;
WP1573;2;Woonplaatsen;315;Budel-Dorplein;
WP1572;2;Woonplaatsen;316;Budel-Schoot;
WP2941;2;Woonplaatsen;317;Buggenum;
WP1785;2;Woonplaatsen;318;Buinen;
WP1786;2;Woonplaatsen;319;Buinerveen;
WP1607;2;Woonplaatsen;320;Buitenkaag;
WP3175;2;Woonplaatsen;321;Buitenpost;
WP2697;2;Woonplaatsen;322;De Bult;
WP1461;2;Woonplaatsen;323;Bunde;
WP2914;2;Woonplaatsen;324;Bunne;
WP2603;2;Woonplaatsen;325;Bunnik;
WP2237;2;Woonplaatsen;326;Bunschoten-Spakenburg;
WP3200;2;Woonplaatsen;327;Burdaard;
WP2589;2;Woonplaatsen;328;Buren;
WP3372;2;Woonplaatsen;329;Buren;
WP2740;2;Woonplaatsen;330;Den Burg;
WP2762;2;Woonplaatsen;331;Burgerbrug;
WP1603;2;Woonplaatsen;332;Burgerveen;
WP2676;2;Woonplaatsen;333;Burgh-Haamstede;
WP2451;2;Woonplaatsen;334;Burgum;
WP2304;2;Woonplaatsen;335;Burgwerd;
WP3308;2;Woonplaatsen;336;Burum;
WP1331;2;Woonplaatsen;337;Bussum;
WP3373;2;Woonplaatsen;338;Buurmalsen;
WP3532;2;Woonplaatsen;339;Buurmalsen;
WP1692;3;Woonplaatsen;340;Cadier en Keer;
WP2964;3;Woonplaatsen;341;Cadzand;
WP2757;3;Woonplaatsen;342;Callantsoog;
WP1105;3;Woonplaatsen;343;Capelle aan den IJssel;
WP2885;3;Woonplaatsen;344;Castelre;
WP2328;3;Woonplaatsen;345;Castenray;
WP1067;3;Woonplaatsen;346;Casteren;
WP2268;3;Woonplaatsen;347;Castricum;
WP3433;3;Woonplaatsen;348;Chaam;
WP3092;3;Woonplaatsen;349;Clinge;
WP2737;3;Woonplaatsen;350;De Cocksdorp;
WP2147;3;Woonplaatsen;351;Coevorden;
WP3190;3;Woonplaatsen;352;Colijnsplaat;
WP1544;3;Woonplaatsen;353;Collendoorn;
WP2855;3;Woonplaatsen;354;Colmschate;
WP2305;3;Woonplaatsen;355;Cornwerd;
WP1304;3;Woonplaatsen;356;Cothen;
WP1281;3;Woonplaatsen;357;Creil;
WP1620;3;Woonplaatsen;358;Cromvoirt;
WP1612;3;Woonplaatsen;359;Cruquius;
WP1450;3;Woonplaatsen;360;Cuijk;
WP2052;3;Woonplaatsen;361;Culemborg;
WP1038;4;Woonplaatsen;362;Daarle;
WP1039;4;Woonplaatsen;363;Daarlerveen;
WP2300;4;Woonplaatsen;364;Dalem;
WP2148;4;Woonplaatsen;365;Dalen;
WP2149;4;Woonplaatsen;366;Dalerpeel;
WP2150;4;Woonplaatsen;367;Dalerveen;
WP1237;4;Woonplaatsen;368;Dalfsen;
WP2550;4;Woonplaatsen;369;Dalmsholte;
WP3266;4;Woonplaatsen;370;Damwâld;
WP3106;4;Woonplaatsen;371;Darp;
WP2526;4;Woonplaatsen;372;Dearsum;
WP1546;4;Woonplaatsen;373;Dedemsvaart;
WP2306;4;Woonplaatsen;374;Dedgum;
WP2773;4;Woonplaatsen;375;Deelen;
WP2903;4;Woonplaatsen;376;Deest;
WP3217;4;Woonplaatsen;377;Deil;
WP2727;4;Woonplaatsen;378;Deinum;
WP1440;4;Woonplaatsen;379;Delden;
WP1143;4;Woonplaatsen;380;Delfgauw;
WP2240;4;Woonplaatsen;381;Delfstrahuizen;
WP2138;4;Woonplaatsen;382;Delft;
WP3234;4;Woonplaatsen;383;Delfzijl;
WP2630;4;Woonplaatsen;384;Delwijnen;
WP3260;4;Woonplaatsen;385;Demen;
WP1408;4;Woonplaatsen;386;Denekamp;
WP1774;4;Woonplaatsen;387;Deurne;
WP1669;4;Woonplaatsen;388;Deurningen;
WP1409;4;Woonplaatsen;389;Deurningen;
WP3256;4;Woonplaatsen;390;Deursen-Dennenburg;
WP1154;4;Woonplaatsen;391;Deurze;
WP2856;4;Woonplaatsen;392;Deventer;
WP2205;4;Woonplaatsen;393;Didam;
WP3259;4;Woonplaatsen;394;Dieden;
WP2144;4;Woonplaatsen;395;Diemen;
WP1441;4;Woonplaatsen;396;Diepenheim;
WP2857;4;Woonplaatsen;397;Diepenveen;
WP1504;4;Woonplaatsen;398;Dieren;
WP1308;4;Woonplaatsen;399;Diessen;
WP3107;4;Woonplaatsen;400;Diever;
WP3108;4;Woonplaatsen;401;Dieverbrug;
WP1548;4;Woonplaatsen;402;Diffelen;
WP2487;4;Woonplaatsen;403;Dijken;
WP1402;4;Woonplaatsen;404;Dinteloord;
WP1196;4;Woonplaatsen;405;Dinxperlo;
WP2152;4;Woonplaatsen;406;Diphoorn;
WP3289;4;Woonplaatsen;407;Dirkshorn;
WP2377;4;Woonplaatsen;408;Dirksland;
WP1094;4;Woonplaatsen;409;Dodewaard;
WP2100;4;Woonplaatsen;410;Doenrade;
WP2142;4;Woonplaatsen;411;Doesburg;
WP3246;4;Woonplaatsen;412;Doetinchem;
WP3514;4;Woonplaatsen;413;Doeveren;
WP2174;4;Woonplaatsen;414;Doezum;
WP3391;4;Woonplaatsen;415;Dokkum;
WP2822;4;Woonplaatsen;416;Den Dolder;
WP3109;4;Woonplaatsen;417;Doldersum;
WP2776;4;Woonplaatsen;418;Domburg;
WP2916;4;Woonplaatsen;419;Donderen;
WP2799;4;Woonplaatsen;420;Dongen;
WP1372;4;Woonplaatsen;421;Dongjum;
WP2488;4;Woonplaatsen;422;Doniaga;
WP1754;4;Woonplaatsen;423;Donkerbroek;
WP3339;4;Woonplaatsen;424;Doorn;
WP3134;4;Woonplaatsen;425;Doornenburg;
WP1846;4;Woonplaatsen;426;Doornspijk;
WP2986;4;Woonplaatsen;427;Doorwerth;
WP2351;4;Woonplaatsen;428;Dordrecht;
WP2959;4;Woonplaatsen;429;Dorst;
WP3279;4;Woonplaatsen;430;Drachten;
WP3344;4;Woonplaatsen;431;Drachten-Azeven;
WP3280;4;Woonplaatsen;432;Drachtstercompagnie;
WP2677;4;Woonplaatsen;433;Dreischor;
WP1520;4;Woonplaatsen;434;Drempt;
WP1771;4;Woonplaatsen;435;Dreumel;
WP3335;4;Woonplaatsen;436;Driebergen-Rijsenburg;
WP1422;4;Woonplaatsen;437;Drieborg;
WP2477;4;Woonplaatsen;438;Driebruggen;
WP2836;4;Woonplaatsen;439;Driehuis NH;
WP1886;4;Woonplaatsen;440;Driehuizen;
WP1863;4;Woonplaatsen;441;Driel;
WP1253;4;Woonplaatsen;442;Driewegen;
WP3268;4;Woonplaatsen;443;Driezum;
WP3009;4;Woonplaatsen;444;Drijber;
WP2574;4;Woonplaatsen;445;Drimmelen;
WP3176;4;Woonplaatsen;446;Drogeham;
WP3163;4;Woonplaatsen;447;Drogteropslagen;
WP1952;4;Woonplaatsen;448;Drongelen;
WP2729;4;Woonplaatsen;449;Dronryp;
WP2430;4;Woonplaatsen;450;Dronten;
WP1787;4;Woonplaatsen;451;Drouwen;
WP1788;4;Woonplaatsen;452;Drouwenermond;
WP1789;4;Woonplaatsen;453;Drouwenerveen;
WP3589;4;Woonplaatsen;454;Drunen;
WP2904;4;Woonplaatsen;455;Druten;
WP2096;4;Woonplaatsen;456;Duiven;
WP3568;4;Woonplaatsen;457;Duivendrecht;
WP2992;4;Woonplaatsen;458;Duizel;
WP2058;4;Woonplaatsen;459;Den Dungen;
WP2214;4;Woonplaatsen;460;Dussen;
WP3110;4;Woonplaatsen;461;Dwingeloo;
WP2524;5;Woonplaatsen;462;Eagum;
WP2456;5;Woonplaatsen;463;Earnewâld;
WP2013;5;Woonplaatsen;464;Easterein;
WP2014;5;Woonplaatsen;465;Easterlittens;
WP2454;5;Woonplaatsen;466;Eastermar;
WP2015;5;Woonplaatsen;467;Easterwierrum;
WP2041;5;Woonplaatsen;468;Echt;
WP3524;5;Woonplaatsen;469;Echteld;
WP3164;5;Woonplaatsen;470;Echten;
WP2241;5;Woonplaatsen;471;Echten;
WP2242;5;Woonplaatsen;472;Echtenerbrug;
WP3374;5;Woonplaatsen;473;Eck en Wiel;
WP1693;5;Woonplaatsen;474;Eckelrade;
WP1747;5;Woonplaatsen;475;Edam;
WP2764;5;Woonplaatsen;476;Ede;
WP2769;5;Woonplaatsen;477;Ederveen;
WP3392;5;Woonplaatsen;478;Ee;
WP2966;5;Woonplaatsen;479;Eede;
WP1336;5;Woonplaatsen;480;Eefde;
WP2909;5;Woonplaatsen;481;Eelde;
WP2911;5;Woonplaatsen;482;Eelderwolde;
WP2238;5;Woonplaatsen;483;Eemdijk;
WP1037;5;Woonplaatsen;484;Eemnes;
WP3473;5;Woonplaatsen;485;Eemshaven;
WP1634;5;Woonplaatsen;486;Een;
WP3415;5;Woonplaatsen;487;Eenrum;
WP3444;5;Woonplaatsen;488;Eenum;
WP1635;5;Woonplaatsen;489;Een-West;
WP1114;5;Woonplaatsen;490;Eerbeek;
WP2993;5;Woonplaatsen;491;Eersel;
WP1790;5;Woonplaatsen;492;Ees;
WP1791;5;Woonplaatsen;493;Eesergroen;
WP1792;5;Woonplaatsen;494;Eeserveen;
WP2243;5;Woonplaatsen;495;Eesterga;
WP2699;5;Woonplaatsen;496;Eesveen;
WP1953;5;Woonplaatsen;497;Eethen;
WP1155;5;Woonplaatsen;498;Eext;
WP1156;5;Woonplaatsen;499;Eexterveen;
WP1157;5;Woonplaatsen;500;Eexterveenschekanaal;
WP1158;5;Woonplaatsen;501;Eexterzandvoort;
WP3439;5;Woonplaatsen;502;Egchel;
WP3048;5;Woonplaatsen;503;Egmond aan den Hoef;
WP3049;5;Woonplaatsen;504;Egmond aan Zee;
WP3050;5;Woonplaatsen;505;Egmond-Binnen;
WP1662;5;Woonplaatsen;506;Eibergen;
WP1700;5;Woonplaatsen;507;Eijsden;
WP1101;5;Woonplaatsen;508;Eindhoven;
WP2810;5;Woonplaatsen;509;Einighausen;
WP1159;5;Woonplaatsen;510;Ekehaar;
WP1675;5;Woonplaatsen;511;Elahuizen;
WP1844;5;Woonplaatsen;512;Elburg;
WP1160;5;Woonplaatsen;513;Eldersloo;
WP1161;5;Woonplaatsen;514;Eleveld;
WP1811;5;Woonplaatsen;515;Elim;
WP1235;5;Woonplaatsen;516;Elkenrade;
WP2942;5;Woonplaatsen;517;Ell;
WP1503;5;Woonplaatsen;518;Ellecom;
WP2678;5;Woonplaatsen;519;Ellemeet;
WP1793;5;Woonplaatsen;520;Ellertshaar;
WP1254;5;Woonplaatsen;521;Ellewoutsdijk;
WP3010;5;Woonplaatsen;522;Elp;
WP2095;5;Woonplaatsen;523;Elsendorp;
WP3590;5;Woonplaatsen;524;Elshout;
WP1914;5;Woonplaatsen;525;Elsloo;
WP1755;5;Woonplaatsen;526;Elsloo;
WP2983;5;Woonplaatsen;527;Elspeet;
WP1864;5;Woonplaatsen;528;Elst;
WP1400;5;Woonplaatsen;529;Elst Ut;
WP1271;5;Woonplaatsen;530;Emmeloord;
WP1988;5;Woonplaatsen;531;Emmen;
WP1989;5;Woonplaatsen;532;Emmer-Compascuum;
WP1109;5;Woonplaatsen;533;Empe;
WP1346;5;Woonplaatsen;534;Emst;
WP3393;5;Woonplaatsen;535;Engwierum;
WP2754;5;Woonplaatsen;536;Enkhuizen;
WP1276;5;Woonplaatsen;537;Ens;
WP1145;5;Woonplaatsen;538;Enschede;
WP3216;5;Woonplaatsen;539;Enspijk;
WP1088;5;Woonplaatsen;540;Enter;
WP2340;5;Woonplaatsen;541;Enumatil;
WP1344;5;Woonplaatsen;542;Epe;
WP1232;5;Woonplaatsen;543;Epen;
WP3474;5;Woonplaatsen;544;Eppenhuizen;
WP1337;5;Woonplaatsen;545;Epse;
WP1990;5;Woonplaatsen;546;Erica;
WP3375;5;Woonplaatsen;547;Erichem;
WP2874;5;Woonplaatsen;548;Erlecom;
WP2153;5;Woonplaatsen;549;Erm;
WP2573;5;Woonplaatsen;550;Ermelo;
WP2826;5;Woonplaatsen;551;Erp;
WP1311;5;Woonplaatsen;552;Esbeek;
WP1426;5;Woonplaatsen;553;Esch;
WP3195;5;Woonplaatsen;554;Escharen;
WP1280;5;Woonplaatsen;555;Espel;
WP3359;5;Woonplaatsen;556;Est;
WP1581;5;Woonplaatsen;557;Etten;
WP1010;5;Woonplaatsen;558;Etten-Leur;
WP3081;5;Woonplaatsen;559;Europoort Rotterdam;
WP3011;5;Woonplaatsen;560;Eursinge;
WP3165;5;Woonplaatsen;561;Eursinge;
WP2840;5;Woonplaatsen;562;Everdingen;
WP1517;5;Woonplaatsen;563;Evertsoord;
WP2752;5;Woonplaatsen;564;Ewijk;
WP1779;5;Woonplaatsen;565;1e Exloërmond;
WP1780;5;Woonplaatsen;566;2e Exloërmond;
WP1794;5;Woonplaatsen;567;Exloërveen;
WP1795;5;Woonplaatsen;568;Exloo;
WP2307;5;Woonplaatsen;569;Exmorra;
WP2650;5;Woonplaatsen;570;Eygelshoven;
WP1234;5;Woonplaatsen;571;Eys;
WP2467;5;Woonplaatsen;572;Ezinge;
WP3267;6;Woonplaatsen;573;De Falom;
WP3235;6;Woonplaatsen;574;Farmsum;
WP3271;6;Woonplaatsen;575;Feanwâlden;
WP2468;6;Woonplaatsen;576;Feerwerd;
WP3226;6;Woonplaatsen;577;Feinsum;
WP3201;6;Woonplaatsen;578;Ferwert;
WP2308;6;Woonplaatsen;579;Ferwoude;
WP1321;6;Woonplaatsen;580;Fijnaart;
WP1419;6;Woonplaatsen;581;Finsterwolde;
WP1378;6;Woonplaatsen;582;Firdgum;
WP1284;6;Woonplaatsen;583;Fleringen;
WP1812;6;Woonplaatsen;584;Fluitenberg;
WP1756;6;Woonplaatsen;585;Fochteloo;
WP2244;6;Woonplaatsen;586;Follega;
WP2402;6;Woonplaatsen;587;Folsgare;
WP2617;6;Woonplaatsen;588;Formerum;
WP3394;6;Woonplaatsen;589;Foudgum;
WP1017;6;Woonplaatsen;590;Foxhol;
WP1636;6;Woonplaatsen;591;Foxwolde;
WP1366;6;Woonplaatsen;592;Franeker;
WP3111;6;Woonplaatsen;593;Frederiksoord;
WP2527;6;Woonplaatsen;594;Friens;
WP3345;6;Woonplaatsen;595;Frieschepalen;
WP1348;6;Woonplaatsen;596;Froombosch;
WP3247;7;Woonplaatsen;597;Gaanderen;
WP2309;7;Woonplaatsen;598;Gaast;
WP2403;7;Woonplaatsen;599;Gaastmeer;
WP3434;7;Woonplaatsen;600;Galder;
WP2631;7;Woonplaatsen;601;Gameren;
WP2777;7;Woonplaatsen;602;Gapinge;
WP1057;7;Woonplaatsen;603;Garderen;
WP1831;7;Woonplaatsen;604;Garmerwolde;
WP3012;7;Woonplaatsen;605;Garminge;
WP2469;7;Woonplaatsen;606;Garnwerd;
WP3445;7;Woonplaatsen;607;Garrelsweer;
WP3446;7;Woonplaatsen;608;Garsthuizen;
WP2455;7;Woonplaatsen;609;Garyp;
WP3196;7;Woonplaatsen;610;Gassel;
WP1162;7;Woonplaatsen;611;Gasselte;
WP1163;7;Woonplaatsen;612;Gasselternijveen;
WP1164;7;Woonplaatsen;613;Gasselternijveenschemond;
WP1570;7;Woonplaatsen;614;Gastel;
WP1165;7;Woonplaatsen;615;Gasteren;
WP2404;7;Woonplaatsen;616;Gauw;
WP1166;7;Woonplaatsen;617;Geelbroek;
WP3322;7;Woonplaatsen;618;Geerdijk;
WP3193;7;Woonplaatsen;619;Geersdijk;
WP1751;7;Woonplaatsen;620;Geertruidenberg;
WP1386;7;Woonplaatsen;621;Geervliet;
WP2154;7;Woonplaatsen;622;Gees;
WP2155;7;Woonplaatsen;623;Geesbrug;
WP1285;7;Woonplaatsen;624;Geesteren;
WP1655;7;Woonplaatsen;625;Geesteren;
WP3112;7;Woonplaatsen;626;Geeuwenbrug;
WP3610;7;Woonplaatsen;627;Geffen;
WP1857;7;Woonplaatsen;628;Geijsteren;
WP3529;7;Woonplaatsen;629;Geldermalsen;
WP2645;7;Woonplaatsen;630;Gelderswoude;
WP1126;7;Woonplaatsen;631;Geldrop;
WP3513;7;Woonplaatsen;632;Geleen;
WP3214;7;Woonplaatsen;633;Gellicum;
WP1654;7;Woonplaatsen;634;Gelselaar;
WP2089;7;Woonplaatsen;635;Gemert;
WP2059;7;Woonplaatsen;636;Gemonde;
WP1954;7;Woonplaatsen;637;Genderen;
WP1585;7;Woonplaatsen;638;Gendringen;
WP3132;7;Woonplaatsen;639;Gendt;
WP2198;7;Woonplaatsen;640;Genemuiden;
WP2482;7;Woonplaatsen;641;Gennep;
WP3177;7;Woonplaatsen;642;Gerkesklooster;
WP2185;7;Woonplaatsen;643;Gersloot;
WP1462;7;Woonplaatsen;644;Geulle;
WP1300;7;Woonplaatsen;645;Giesbeek;
WP3302;7;Woonplaatsen;646;Giessen;
WP1433;7;Woonplaatsen;647;Giessenburg;
WP1167;7;Woonplaatsen;648;Gieten;
WP1168;7;Woonplaatsen;649;Gieterveen;
WP2551;7;Woonplaatsen;650;Giethmen;
WP2700;7;Woonplaatsen;651;Giethoorn;
WP2067;7;Woonplaatsen;652;Gilze;
WP3202;7;Woonplaatsen;653;Ginnum;
WP1712;7;Woonplaatsen;654;Glane;
WP1267;7;Woonplaatsen;655;Glimmen;
WP1061;7;Woonplaatsen;656;De Glind;
WP3236;7;Woonplaatsen;657;Godlinze;
WP2931;7;Woonplaatsen;658;Goedereede;
WP2405;7;Woonplaatsen;659;Goënga;
WP3281;7;Woonplaatsen;660;Goëngahuizen;
WP1824;7;Woonplaatsen;661;Goes;
WP2489;7;Woonplaatsen;662;Goingarijp;
WP2880;7;Woonplaatsen;663;Goirle;
WP1442;7;Woonplaatsen;664;Goor;
WP1185;7;Woonplaatsen;665;De Goorn;
WP2299;7;Woonplaatsen;666;Gorinchem;
WP3346;7;Woonplaatsen;667;Gorredijk;
WP1338;7;Woonplaatsen;668;Gorssel;
WP1005;7;Woonplaatsen;669;Gouda;
WP2374;7;Woonplaatsen;670;Gouderak;
WP3627;7;Woonplaatsen;671;Goudriaan;
WP2886;7;Woonplaatsen;672;Goudswaard;
WP3616;7;Woonplaatsen;673;Goutum;
WP2054;7;Woonplaatsen;674;'t Goy;
WP3094;7;Woonplaatsen;675;Graauw;
WP2896;7;Woonplaatsen;676;Grafhorst;
WP1903;7;Woonplaatsen;677;Graft;
WP1549;7;Woonplaatsen;678;Gramsbergen;
WP3440;7;Woonplaatsen;679;Grashoek;
WP2943;7;Woonplaatsen;680;Grathem;
WP3197;7;Woonplaatsen;681;Grave;
WP3000;7;Woonplaatsen;682;'s-Graveland;
WP2380;7;Woonplaatsen;683;'s-Gravendeel;
WP1245;7;Woonplaatsen;684;'s-Gravenhage;
WP2800;7;Woonplaatsen;685;'s Gravenmoer;
WP1263;7;Woonplaatsen;686;'s-Gravenpolder;
WP2662;7;Woonplaatsen;687;'s-Gravenzande;
WP2406;7;Woonplaatsen;688;Greonterp;
WP2812;7;Woonplaatsen;689;Grevenbicht;
WP1029;7;Woonplaatsen;690;Griendtsveen;
WP2118;7;Woonplaatsen;691;Grijpskerk;
WP2778;7;Woonplaatsen;692;Grijpskerke;
WP2967;7;Woonplaatsen;693;Groede;
WP2937;7;Woonplaatsen;694;Groenekan;
WP1216;7;Woonplaatsen;695;Groeningen;
WP2224;7;Woonplaatsen;696;Groenlo;
WP2291;7;Woonplaatsen;697;Groesbeek;
WP2097;7;Woonplaatsen;698;Groessen;
WP3044;7;Woonplaatsen;699;Groet;
WP2924;7;Woonplaatsen;700;De Groeve;
WP1169;7;Woonplaatsen;701;Grolloo;
WP1070;7;Woonplaatsen;702;Groningen;
WP1701;7;Woonplaatsen;703;Gronsveld;
WP1806;7;Woonplaatsen;704;Groot-Ammers;
WP1103;7;Woonplaatsen;705;Grootebroek;
WP2175;7;Woonplaatsen;706;Grootegast;
WP1887;7;Woonplaatsen;707;Grootschermer;
WP3602;7;Woonplaatsen;708;Grou;
WP1030;7;Woonplaatsen;709;Grubbenvorst;
WP1225;7;Woonplaatsen;710;Gulpen;
WP2813;7;Woonplaatsen;711;Guttecoven;
WP2444;7;Woonplaatsen;712;Gytsjerk;
WP3360;8;Woonplaatsen;713;Haaften;
WP2347;8;Woonplaatsen;714;Haaksbergen;
WP3136;8;Woonplaatsen;715;Haalderen;
WP2164;8;Woonplaatsen;716;'t Haantje;
WP1427;8;Woonplaatsen;717;Haaren;
WP1286;8;Woonplaatsen;718;Haarle;
WP1040;8;Woonplaatsen;719;Haarle;
WP2907;8;Woonplaatsen;720;Haarlem;
WP2641;8;Woonplaatsen;721;Haarlemmerliede;
WP1660;8;Woonplaatsen;722;Haarlo;
WP3500;8;Woonplaatsen;723;Haarsteeg;
WP3298;8;Woonplaatsen;724;Haarzuilens;
WP2387;8;Woonplaatsen;725;Haastrecht;
WP2944;8;Woonplaatsen;726;Haelen;
WP3625;8;Woonplaatsen;727;Hagestein;
WP1310;8;Woonplaatsen;728;Haghorst;
WP2945;8;Woonplaatsen;729;Haler;
WP2643;8;Woonplaatsen;730;Halfweg;
WP1113;8;Woonplaatsen;731;Hall;
WP3575;8;Woonplaatsen;732;Halle;
WP3203;8;Woonplaatsen;733;Hallum;
WP1938;8;Woonplaatsen;734;Halsteren;
WP2116;8;Woonplaatsen;735;Den Ham;
WP3321;8;Woonplaatsen;736;Den Ham;
WP2092;8;Woonplaatsen;737;Handel;
WP2215;8;Woonplaatsen;738;Hank;
WP3461;8;Woonplaatsen;739;Hansweert;
WP3395;8;Woonplaatsen;740;Hantum;
WP3396;8;Woonplaatsen;741;Hantumeruitburen;
WP3397;8;Woonplaatsen;742;Hantumhuizen;
WP1065;8;Woonplaatsen;743;Hapert;
WP1451;8;Woonplaatsen;744;Haps;
WP1287;8;Woonplaatsen;745;Harbrinkhoek;
WP1845;8;Woonplaatsen;746;'t Harde;
WP3608;8;Woonplaatsen;747;Hardenberg;
WP3222;8;Woonplaatsen;748;Harderwijk;
WP3031;8;Woonplaatsen;749;Hardinxveld-Giessendam;
WP3253;8;Woonplaatsen;750;Haren;
WP1266;8;Woonplaatsen;751;Haren Gn;
WP1339;8;Woonplaatsen;752;Harfsen;
WP1676;8;Woonplaatsen;753;Harich;
WP2515;8;Woonplaatsen;754;Haringhuizen;
WP3178;8;Woonplaatsen;755;Harkema;
WP1349;8;Woonplaatsen;756;Harkstede;
WP3635;8;Woonplaatsen;757;Harkstede GN;
WP2891;8;Woonplaatsen;758;Harlingen;
WP1072;8;Woonplaatsen;759;Harmelen;
WP2228;8;Woonplaatsen;760;Harreveld;
WP2768;8;Woonplaatsen;761;Harskamp;
WP2310;8;Woonplaatsen;762;Hartwerd;
WP2490;8;Woonplaatsen;763;Haskerdijken;
WP2491;8;Woonplaatsen;764;Haskerhorne;
WP2199;8;Woonplaatsen;765;Hasselt;
WP2882;8;Woonplaatsen;766;Hattem;
WP3069;8;Woonplaatsen;767;Hattemerbroek;
WP3576;8;Woonplaatsen;768;Haule;
WP3577;8;Woonplaatsen;769;Haulerwijk;
WP3566;8;Woonplaatsen;770;Hauwert;
WP3113;8;Woonplaatsen;771;Havelte;
WP3114;8;Woonplaatsen;772;Havelterberg;
WP2852;8;Woonplaatsen;773;Hazerswoude-Dorp;
WP2851;8;Woonplaatsen;774;Hazerswoude-Rijndijk;
WP1625;8;Woonplaatsen;775;Hedel;
WP3515;8;Woonplaatsen;776;Hedikhuizen;
WP2623;8;Woonplaatsen;777;Hee;
WP2407;8;Woonplaatsen;778;Heeg;
WP1917;8;Woonplaatsen;779;Heel;
WP2987;8;Woonplaatsen;780;Heelsum;
WP1576;8;Woonplaatsen;781;Heelweg;
WP1551;8;Woonplaatsen;782;Heemserveen;
WP2458;8;Woonplaatsen;783;Heemskerk;
WP2563;8;Woonplaatsen;784;Heemstede;
WP1401;8;Woonplaatsen;785;De Heen;
WP1387;8;Woonplaatsen;786;Heenvliet;
WP1264;8;Woonplaatsen;787;'s-Heer Abtskerke;
WP1822;8;Woonplaatsen;788;'s-Heer Arendskerke;
WP1823;8;Woonplaatsen;789;'s-Heer Hendrikskinderen;
WP2865;8;Woonplaatsen;790;Heerde;
WP2206;8;Woonplaatsen;791;'s-Heerenberg;
WP2899;8;Woonplaatsen;792;'s-Heerenbroek;
WP1265;8;Woonplaatsen;793;'s-Heerenhoek;
WP3523;8;Woonplaatsen;794;Heerenveen;
WP1626;8;Woonplaatsen;795;Heerewaarden;
WP1746;8;Woonplaatsen;796;Heerhugowaard;
WP2398;8;Woonplaatsen;797;Heerjansdam;
WP1590;8;Woonplaatsen;798;Heerle;
WP1312;8;Woonplaatsen;799;Heerlen;
WP3516;8;Woonplaatsen;800;Heesbeen;
WP3059;8;Woonplaatsen;801;Heesch;
WP3361;8;Woonplaatsen;802;Heesselt;
WP3060;8;Woonplaatsen;803;Heeswijk-Dinther;
WP1498;8;Woonplaatsen;804;Heeten;
WP1314;8;Woonplaatsen;805;Heeze;
WP3204;8;Woonplaatsen;806;Hegebeintum;
WP1031;8;Woonplaatsen;807;Hegelsom;
WP2109;8;Woonplaatsen;808;Hei- en Boeicop;
WP2946;8;Woonplaatsen;809;Heibloem;
WP2329;8;Woonplaatsen;810;Heide;
WP1973;8;Woonplaatsen;811;It Heidenskip;
WP2663;8;Woonplaatsen;812;Ter Heijde;
WP2483;8;Woonplaatsen;813;Heijen;
WP1228;8;Woonplaatsen;814;Heijenrath;
WP1318;8;Woonplaatsen;815;Heijningen;
WP3091;8;Woonplaatsen;816;Heikant;
WP2292;8;Woonplaatsen;817;Heilig Landstichting;
WP1899;8;Woonplaatsen;818;Heiligerlee;
WP1243;8;Woonplaatsen;819;Heiloo;
WP2381;8;Woonplaatsen;820;Heinenoord;
WP1255;8;Woonplaatsen;821;Heinkenszand;
WP1492;8;Woonplaatsen;822;Heino;
WP3033;8;Woonplaatsen;823;Hekelingen;
WP1909;8;Woonplaatsen;824;Hekendorp;
WP3441;8;Woonplaatsen;825;Helden;
WP3056;8;Woonplaatsen;826;Den Helder;
WP1778;8;Woonplaatsen;827;Helenaveen;
WP3583;8;Woonplaatsen;828;Hellendoorn;
WP2137;8;Woonplaatsen;829;Hellevoetsluis;
WP3362;8;Woonplaatsen;830;Hellouw;
WP1350;8;Woonplaatsen;831;Hellum;
WP1146;8;Woonplaatsen;832;Helmond;
WP1428;8;Woonplaatsen;833;Helvoirt;
WP1507;8;Woonplaatsen;834;Hem;
WP1970;8;Woonplaatsen;835;Hemelum;
WP1865;8;Woonplaatsen;836;Hemmen;
WP1202;8;Woonplaatsen;837;Hempens;
WP3347;8;Woonplaatsen;838;Hemrik;
WP2352;8;Woonplaatsen;839;Hendrik-Ido-Ambacht;
WP3510;8;Woonplaatsen;840;Hengelo;
WP1535;8;Woonplaatsen;841;Hengelo (Gld);
WP1443;8;Woonplaatsen;842;Hengevelde;
WP3098;8;Woonplaatsen;843;Hengstdijk;
WP1186;8;Woonplaatsen;844;Hensbroek;
WP1365;8;Woonplaatsen;845;Herbaijum;
WP2590;8;Woonplaatsen;846;Herkenbosch;
WP2378;8;Woonplaatsen;847;Herkingen;
WP2566;8;Woonplaatsen;848;Hernen;
WP3255;8;Woonplaatsen;849;Herpen;
WP3517;8;Woonplaatsen;850;Herpt;
WP2282;8;Woonplaatsen;851;Herten;
WP3570;8;Woonplaatsen;852;Hertme;
WP1595;8;Woonplaatsen;853;'s-Hertogenbosch;
WP1866;8;Woonplaatsen;854;Herveld;
WP2977;8;Woonplaatsen;855;Herwen;
WP2354;8;Woonplaatsen;856;Herwijnen;
WP1867;8;Woonplaatsen;857;Heteren;
WP2648;8;Woonplaatsen;858;Heukelom;
WP2355;8;Woonplaatsen;859;Heukelum;
WP3495;8;Woonplaatsen;860;Heumen;
WP1195;8;Woonplaatsen;861;De Heurne;
WP2929;8;Woonplaatsen;862;Heusden;
WP3518;8;Woonplaatsen;863;Heusden;
WP2988;8;Woonplaatsen;864;Heveadorp;
WP2947;8;Woonplaatsen;865;Heythuysen;
WP1288;8;Woonplaatsen;866;Hezingen;
WP3398;8;Woonplaatsen;867;Hiaure;
WP2311;8;Woonplaatsen;868;Hichtum;
WP2016;8;Woonplaatsen;869;Hidaard;
WP3223;8;Woonplaatsen;870;Hierden;
WP2312;8;Woonplaatsen;871;Hieslum;
WP3013;8;Woonplaatsen;872;Hijken;
WP3227;8;Woonplaatsen;873;Hijum;
WP2017;8;Woonplaatsen;874;Hilaard;
WP3535;8;Woonplaatsen;875;Hillegom;
WP1307;8;Woonplaatsen;876;Hilvarenbeek;
WP1036;8;Woonplaatsen;877;Hilversum;
WP1968;8;Woonplaatsen;878;Hindeloopen;
WP2018;8;Woonplaatsen;879;Hinnaard;
WP1488;8;Woonplaatsen;880;Hippolytushoef;
WP1363;8;Woonplaatsen;881;Hitzum;
WP1838;8;Woonplaatsen;882;Hobrede;
WP1256;8;Woonplaatsen;883;Hoedekenskerke;
WP3548;8;Woonplaatsen;884;de Hoef;
WP3626;8;Woonplaatsen;885;Hoef en Haag;
WP1130;8;Woonplaatsen;886;Hoek;
WP3082;8;Woonplaatsen;887;Hoek van Holland;
WP2772;8;Woonplaatsen;888;Hoenderloo;
WP2257;8;Woonplaatsen;889;Hoenderloo;
WP1313;8;Woonplaatsen;890;Hoensbroek;
WP1627;8;Woonplaatsen;891;Hoenzadriel;
WP1723;8;Woonplaatsen;892;De Hoeve;
WP2871;8;Woonplaatsen;893;Hoevelaken;
WP1250;8;Woonplaatsen;894;Hoeven;
WP1089;8;Woonplaatsen;895;Hoge Hexel;
WP2938;8;Woonplaatsen;896;Hollandsche Rading;
WP1813;8;Woonplaatsen;897;Hollandscheveld;
WP2586;8;Woonplaatsen;898;Hollum;
WP2156;8;Woonplaatsen;899;Holsloot;
WP1567;8;Woonplaatsen;900;Holten;
WP1217;8;Woonplaatsen;901;Holthees;
WP1552;8;Woonplaatsen;902;Holtheme;
WP1553;8;Woonplaatsen;903;Holthone;
WP2814;8;Woonplaatsen;904;Holtum;
WP3399;8;Woonplaatsen;905;Holwerd;
WP3237;8;Woonplaatsen;906;Holwierde;
WP2408;8;Woonplaatsen;907;Hommerts;
WP1868;8;Woonplaatsen;908;Homoet;
WP2656;8;Woonplaatsen;909;Honselersdijk;
WP1597;8;Woonplaatsen;910;Hoofddorp;
WP2968;8;Woonplaatsen;911;Hoofdplaat;
WP3564;8;Woonplaatsen;912;Hoog Soeren;
WP1434;8;Woonplaatsen;913;Hoogblokland;
WP1874;8;Woonplaatsen;914;Hooge Mierde;
WP2575;8;Woonplaatsen;915;Hooge Zwaluwe;
WP1066;8;Woonplaatsen;916;Hoogeloon;
WP1554;8;Woonplaatsen;917;Hoogenweg;
WP1000;8;Woonplaatsen;918;Hoogerheide;
WP3014;8;Woonplaatsen;919;Hoogersmilde;
WP3115;8;Woonplaatsen;920;Hoogersmilde;
WP1814;8;Woonplaatsen;921;Hoogeveen;
WP1018;8;Woonplaatsen;922;Hoogezand;
WP3015;8;Woonplaatsen;923;Hooghalen;
WP1508;8;Woonplaatsen;924;Hoogkarspel;
WP1521;8;Woonplaatsen;925;Hoog-Keppel;
WP1665;8;Woonplaatsen;926;Hoogland;
WP1666;8;Woonplaatsen;927;Hooglanderveen;
WP3034;8;Woonplaatsen;928;Hoogmade;
WP3083;8;Woonplaatsen;929;Hoogvliet Rotterdam;
WP2790;8;Woonplaatsen;930;Hoogwoud;
WP2615;8;Woonplaatsen;931;Hoorn;
WP3614;8;Woonplaatsen;932;Hoorn;
WP2741;8;Woonplaatsen;933;Den Hoorn;
WP2807;8;Woonplaatsen;934;Den Hoorn;
WP1435;8;Woonplaatsen;935;Hoornaar;
WP2197;8;Woonplaatsen;936;Hoornsterzwaag;
WP2948;8;Woonplaatsen;937;Horn;
WP2117;8;Woonplaatsen;938;Den Horn;
WP3416;8;Woonplaatsen;939;Hornhuizen;
WP2905;8;Woonplaatsen;940;Horssen;
WP1032;8;Woonplaatsen;941;Horst;
WP3595;8;Woonplaatsen;942;Den Hout;
WP2053;8;Woonplaatsen;943;Houten;
WP3282;8;Woonplaatsen;944;Houtigehage;
WP3417;8;Woonplaatsen;945;Houwerzijl;
WP1001;8;Woonplaatsen;946;Huijbergen;
WP2825;8;Woonplaatsen;947;Huis ter Heide;
WP1637;8;Woonplaatsen;948;Huis ter Heide;
WP3057;8;Woonplaatsen;949;Huisduinen;
WP3257;8;Woonplaatsen;950;Huisseling;
WP3130;8;Woonplaatsen;951;Huissen;
WP1011;8;Woonplaatsen;952;Huizen;
WP3447;8;Woonplaatsen;953;Huizinge;
WP2359;8;Woonplaatsen;954;Hulsberg;
WP1875;8;Woonplaatsen;955;Hulsel;
WP2984;8;Woonplaatsen;956;Hulshorst;
WP3088;8;Woonplaatsen;957;Hulst;
WP2068;8;Woonplaatsen;958;Hulten;
WP1523;8;Woonplaatsen;959;Hummelo;
WP2019;8;Woonplaatsen;960;Húns;
WP2949;8;Woonplaatsen;961;Hunsel;
WP2449;8;Woonplaatsen;962;Hurdegaryp;
WP1628;8;Woonplaatsen;963;Hurwenen;
WP2529;9;Woonplaatsen;964;Idaerd;
WP2313;9;Woonplaatsen;965;Idsegahuizum;
WP2492;9;Woonplaatsen;966;Idskenhuizen;
WP1742;9;Woonplaatsen;967;Ter Idzard;
WP2409;9;Woonplaatsen;968;Idzega;
WP2020;9;Woonplaatsen;969;Iens;
WP1048;9;Woonplaatsen;970;IJhorst;
WP2410;9;Woonplaatsen;971;IJlst;
WP2835;9;Woonplaatsen;972;IJmuiden;
WP2701;9;Woonplaatsen;973;IJsselham;
WP2895;9;Woonplaatsen;974;IJsselmuiden;
WP2432;9;Woonplaatsen;975;IJsselstein;
WP2974;9;Woonplaatsen;976;IJzendijke;
WP1099;9;Woonplaatsen;977;IJzendoorn;
WP1329;9;Woonplaatsen;978;Den Ilp;
WP1941;9;Woonplaatsen;979;Ilpendam;
WP2411;9;Woonplaatsen;980;Indijk;
WP1226;9;Woonplaatsen;981;Ingber;
WP2728;9;Woonplaatsen;982;Ingelum;
WP3376;9;Woonplaatsen;983;Ingen;
WP2021;9;Woonplaatsen;984;Itens;
WP2950;9;Woonplaatsen;985;Ittervoort;
WP1959;10;Woonplaatsen;986;Jaarsveld;
WP2846;10;Woonplaatsen;987;Jabeek;
WP3205;10;Woonplaatsen;988;Jannum;
WP2022;10;Woonplaatsen;989;Jellum;
WP3228;10;Woonplaatsen;990;Jelsum;
WP2530;10;Woonplaatsen;991;Jirnsum;
WP3206;10;Woonplaatsen;992;Jislum;
WP2284;10;Woonplaatsen;993;Jisp;
WP2452;10;Woonplaatsen;994;Jistrum;
WP3348;10;Woonplaatsen;995;Jonkerslân;
WP2261;10;Woonplaatsen;996;Jonkersvaart;
WP1340;10;Woonplaatsen;997;Joppe;
WP2023;10;Woonplaatsen;998;Jorwert;
WP2493;10;Woonplaatsen;999;Joure;
WP3400;10;Woonplaatsen;1000;Jouswier;
WP2196;10;Woonplaatsen;1001;Jubbega;
WP3058;10;Woonplaatsen;1002;Julianadorp;
WP2412;10;Woonplaatsen;1003;Jutrijp;
WP3035;11;Woonplaatsen;1004;Kaag;
WP2622;11;Woonplaatsen;1005;Kaard;
WP3052;11;Woonplaatsen;1006;Kaatsheuvel;
WP2702;11;Woonplaatsen;1007;Kalenberg;
WP2703;11;Woonplaatsen;1008;Kallenkote;
WP1073;11;Woonplaatsen;1009;Kamerik;
WP2894;11;Woonplaatsen;1010;Kampen;
WP3188;11;Woonplaatsen;1011;Kamperland;
WP2900;11;Woonplaatsen;1012;Kamperveen;
WP3475;11;Woonplaatsen;1013;Kantens;
WP2560;11;Woonplaatsen;1014;Kapel Avezaath;
WP3377;11;Woonplaatsen;1015;Kapel-Avezaath;
WP1467;11;Woonplaatsen;1016;Kapelle;
WP3090;11;Woonplaatsen;1017;Kapellebrug;
WP2192;11;Woonplaatsen;1018;Katlijk;
WP3192;11;Woonplaatsen;1019;Kats;
WP1825;11;Woonplaatsen;1020;Kattendijke;
WP1707;11;Woonplaatsen;1021;Katwijk;
WP1452;11;Woonplaatsen;1022;Katwijk NB;
WP1942;11;Woonplaatsen;1023;Katwoude;
WP2273;11;Woonplaatsen;1024;Kedichem;
WP3264;11;Woonplaatsen;1025;Keent;
WP1536;11;Woonplaatsen;1026;Keijenborg;
WP2875;11;Woonplaatsen;1027;Kekerdom;
WP2951;11;Woonplaatsen;1028;Kelpen-Oler;
WP2561;11;Woonplaatsen;1029;Kerk Avezaath;
WP3378;11;Woonplaatsen;1030;Kerk-Avezaath;
WP1629;11;Woonplaatsen;1031;Kerkdriel;
WP3166;11;Woonplaatsen;1032;Kerkenveld;
WP2649;11;Woonplaatsen;1033;Kerkrade;
WP2679;11;Woonplaatsen;1034;Kerkwerve;
WP2632;11;Woonplaatsen;1035;Kerkwijk;
WP1699;11;Woonplaatsen;1036;Kessel;
WP1096;11;Woonplaatsen;1037;Kesteren;
WP2151;11;Woonplaatsen;1038;De Kiel;
WP1019;11;Woonplaatsen;1039;Kiel-Windeweer;
WP2207;11;Woonplaatsen;1040;Kilder;
WP2314;11;Woonplaatsen;1041;Kimswerd;
WP2794;11;Woonplaatsen;1042;Kinderdijk;
WP2624;11;Woonplaatsen;1043;Kinnum;
WP2371;11;Woonplaatsen;1044;Klaaswaal;
WP2606;11;Woonplaatsen;1045;Klarenbeek;
WP2248;11;Woonplaatsen;1046;Klarenbeek;
WP1991;11;Woonplaatsen;1047;Klazienaveen;
WP1992;11;Woonplaatsen;1048;Klazienaveen-Noord;
WP3492;11;Woonplaatsen;1049;Klein Zundert;
WP1796;11;Woonplaatsen;1050;Klijndijk;
WP1853;11;Woonplaatsen;1051;Klimmen;
WP1468;11;Woonplaatsen;1052;Kloetinge;
WP1826;11;Woonplaatsen;1053;Kloetinge;
WP2770;11;Woonplaatsen;1054;De Klomp;
WP1376;11;Woonplaatsen;1055;Klooster Lidlum;
WP3418;11;Woonplaatsen;1056;Kloosterburen;
WP3323;11;Woonplaatsen;1057;Kloosterhaar;
WP1555;11;Woonplaatsen;1058;Kloosterhaar;
WP3100;11;Woonplaatsen;1059;Kloosterzande;
WP1319;11;Woonplaatsen;1060;Klundert;
WP2994;11;Woonplaatsen;1061;Knegsel;
WP2190;11;Woonplaatsen;1062;De Knipe;
WP3229;11;Woonplaatsen;1063;Koarnjum;
WP1393;11;Woonplaatsen;1064;Kockengen;
WP1120;11;Woonplaatsen;1065;Koedijk;
WP2349;11;Woonplaatsen;1066;Koedijk;
WP3167;11;Woonplaatsen;1067;Koekange;
WP1131;11;Woonplaatsen;1068;Koewacht;
WP1677;11;Woonplaatsen;1069;Kolderwolde;
WP1351;11;Woonplaatsen;1070;Kolham;
WP2516;11;Woonplaatsen;1071;Kolhorn;
WP3309;11;Woonplaatsen;1072;Kollum;
WP3310;11;Woonplaatsen;1073;Kollumerpomp;
WP3311;11;Woonplaatsen;1074;Kollumerzwaag;
WP2119;11;Woonplaatsen;1075;Kommerzijl;
WP2042;11;Woonplaatsen;1076;Koningsbosch;
WP3442;11;Woonplaatsen;1077;Koningslust;
WP2738;11;Woonplaatsen;1078;De Koog;
WP1879;11;Woonplaatsen;1079;Koog aan de Zaan;
WP3179;11;Woonplaatsen;1080;Kootstertille;
WP1062;11;Woonplaatsen;1081;Kootwijk;
WP1056;11;Woonplaatsen;1082;Kootwijkerbroek;
WP2176;11;Woonplaatsen;1083;Kornhorn;
WP2315;11;Woonplaatsen;1084;Kornwerderzand;
WP3283;11;Woonplaatsen;1085;Kortehemmen;
WP3526;11;Woonplaatsen;1086;Kortenhoef;
WP3189;11;Woonplaatsen;1087;Kortgene;
WP2850;11;Woonplaatsen;1088;Koudekerk aan den Rijn;
WP2779;11;Woonplaatsen;1089;Koudekerke;
WP1966;11;Woonplaatsen;1090;Koudum;
WP2413;11;Woonplaatsen;1091;Koufurderrige;
WP3462;11;Woonplaatsen;1092;Krabbendijke;
WP1275;11;Woonplaatsen;1093;Kraggenburg;
WP2433;11;Woonplaatsen;1094;Kreileroord;
WP3238;11;Woonplaatsen;1095;Krewerd;
WP1545;11;Woonplaatsen;1096;De Krim;
WP2375;11;Woonplaatsen;1097;Krimpen aan de Lek;
WP1144;11;Woonplaatsen;1098;Krimpen aan den IJssel;
WP1341;11;Woonplaatsen;1099;Kring van Dorth;
WP1880;11;Woonplaatsen;1100;Krommenie;
WP1516;11;Woonplaatsen;1101;Kronenberg;
WP1020;11;Woonplaatsen;1102;Kropswolde;
WP3463;11;Woonplaatsen;1103;Kruiningen;
WP1403;11;Woonplaatsen;1104;Kruisland;
WP2024;11;Woonplaatsen;1105;Kûbaard;
WP2572;11;Woonplaatsen;1106;Kudelstaart;
WP2704;11;Woonplaatsen;1107;Kuinre;
WP3097;11;Woonplaatsen;1108;Kuitaart;
WP1257;11;Woonplaatsen;1109;Kwadendamme;
WP1839;11;Woonplaatsen;1110;Kwadijk;
WP3539;11;Woonplaatsen;1111;De Kwakel;
WP2657;11;Woonplaatsen;1112;Kwintsheul;
WP1495;12;Woonplaatsen;1113;Laag Zuthem;
WP1522;12;Woonplaatsen;1114;Laag-Keppel;
WP1506;12;Woonplaatsen;1115;Laag-Soeren;
WP1876;12;Woonplaatsen;1116;Lage Mierde;
WP1093;12;Woonplaatsen;1117;Lage Vuursche;
WP2576;12;Woonplaatsen;1118;Lage Zwaluwe;
WP1352;12;Woonplaatsen;1119;Lageland;
WP3636;12;Woonplaatsen;1120;Lageland GN;
WP3150;12;Woonplaatsen;1121;Lambertschaag;
WP3099;12;Woonplaatsen;1122;Lamswaarde;
WP2618;12;Woonplaatsen;1123;Landerum;
WP3055;12;Woonplaatsen;1124;Landgraaf;
WP2080;12;Woonplaatsen;1125;Landhorst;
WP1328;12;Woonplaatsen;1126;Landsmeer;
WP1303;12;Woonplaatsen;1127;Langbroek;
WP1759;12;Woonplaatsen;1128;Langedijke;
WP1724;12;Woonplaatsen;1129;Langelille;
WP1638;12;Woonplaatsen;1130;Langelo;
WP1978;12;Woonplaatsen;1131;Langenboom;
WP1808;12;Woonplaatsen;1132;Langerak;
WP1289;12;Woonplaatsen;1133;Langeveen;
WP1326;12;Woonplaatsen;1134;Langeweg;
WP3349;12;Woonplaatsen;1135;Langezwaag;
WP2494;12;Woonplaatsen;1136;Langweer;
WP1342;12;Woonplaatsen;1137;Laren;
WP2890;12;Woonplaatsen;1138;Laren;
WP1301;12;Woonplaatsen;1139;Lathum;
WP1410;12;Woonplaatsen;1140;Lattrop-Breklenkamp;
WP3419;12;Woonplaatsen;1141;Lauwersoog;
WP2120;12;Woonplaatsen;1142;Lauwerzijl;
WP2081;12;Woonplaatsen;1143;Ledeacker;
WP2341;12;Woonplaatsen;1144;Leek;
WP1315;12;Woonplaatsen;1145;Leende;
WP3420;12;Woonplaatsen;1146;Leens;
WP2110;12;Woonplaatsen;1147;Leerbroek;
WP2271;12;Woonplaatsen;1148;Leerdam;
WP3448;12;Woonplaatsen;1149;Leermens;
WP3587;12;Woonplaatsen;1150;Leersum;
WP3615;12;Woonplaatsen;1151;Leeuwarden;
WP2495;12;Woonplaatsen;1152;Legemeer;
WP2088;12;Woonplaatsen;1153;Leiden;
WP2112;12;Woonplaatsen;1154;Leiderdorp;
WP1621;12;Woonplaatsen;1155;Leidschendam;
WP3541;12;Woonplaatsen;1156;Leimuiden;
WP1605;12;Woonplaatsen;1157;Leimuiderbrug;
WP2376;12;Woonplaatsen;1158;Lekkerkerk;
WP1198;12;Woonplaatsen;1159;Lekkum;
WP1835;12;Woonplaatsen;1160;Lellens;
WP1051;12;Woonplaatsen;1161;Lelystad;
WP2552;12;Woonplaatsen;1162;Lemele;
WP1238;12;Woonplaatsen;1163;Lemelerveld;
WP1430;12;Woonplaatsen;1164;Lemiers;
WP2245;12;Woonplaatsen;1165;Lemmer;
WP2208;12;Woonplaatsen;1166;Lengel;
WP2545;12;Woonplaatsen;1167;Lent;
WP2025;12;Woonplaatsen;1168;Leons;
WP1939;12;Woonplaatsen;1169;Lepelstraat;
WP2342;12;Woonplaatsen;1170;Lettelbert;
WP2858;12;Woonplaatsen;1171;Lettele;
WP2330;12;Woonplaatsen;1172;Leunen;
WP2567;12;Woonplaatsen;1173;Leur;
WP2638;12;Woonplaatsen;1174;Leusden;
WP2876;12;Woonplaatsen;1175;Leuth;
WP1639;12;Woonplaatsen;1176;Leutingewolde;
WP1112;12;Woonplaatsen;1177;Leuvenheim;
WP2040;12;Woonplaatsen;1178;Leveroy;
WP1258;12;Woonplaatsen;1179;Lewedorp;
WP2105;12;Woonplaatsen;1180;Lexmond;
WP3207;12;Woonplaatsen;1181;Lichtaard;
WP2227;12;Woonplaatsen;1182;Lichtenvoorde;
WP2440;12;Woonplaatsen;1183;Liempde;
WP3379;12;Woonplaatsen;1184;Lienden;
WP2655;12;Woonplaatsen;1185;De Lier;
WP1496;12;Woonplaatsen;1186;Lierderholthuis;
WP2250;12;Woonplaatsen;1187;Lieren;
WP2746;12;Woonplaatsen;1188;Lierop;
WP2616;12;Woonplaatsen;1189;Lies;
WP1447;12;Woonplaatsen;1190;Lieshout;
WP1776;12;Woonplaatsen;1191;Liessel;
WP2225;12;Woonplaatsen;1192;Lievelde;
WP1640;12;Woonplaatsen;1193;Lieveren;
WP1616;12;Woonplaatsen;1194;Lijnden;
WP2815;12;Woonplaatsen;1195;Limbricht;
WP2270;12;Woonplaatsen;1196;Limmen;
WP3168;12;Woonplaatsen;1197;Linde;
WP1453;12;Woonplaatsen;1198;Linden;
WP1921;12;Woonplaatsen;1199;Linne;
WP1963;12;Woonplaatsen;1200;Linschoten;
WP3401;12;Woonplaatsen;1201;Lioessens;
WP3350;12;Woonplaatsen;1202;Lippenhuizen;
WP1466;12;Woonplaatsen;1203;Lisse;
WP1609;12;Woonplaatsen;1204;Lisserbroek;
WP3468;12;Woonplaatsen;1205;Lith;
WP3469;12;Woonplaatsen;1206;Lithoijen;
WP2978;12;Woonplaatsen;1207;Lobith;
WP1343;12;Woonplaatsen;1208;Lochem;
WP2251;12;Woonplaatsen;1209;Loenen;
WP2219;12;Woonplaatsen;1210;Loenen aan de Vecht;
WP2220;12;Woonplaatsen;1211;Loenersloot;
WP3505;12;Woonplaatsen;1212;Loënga;
WP2209;12;Woonplaatsen;1213;Loerbeek;
WP2316;12;Woonplaatsen;1214;Lollum;
WP3141;12;Woonplaatsen;1215;Lomm;
WP2317;12;Woonplaatsen;1216;Longerhouw;
WP2098;12;Woonplaatsen;1217;Loo Gld;
WP3135;12;Woonplaatsen;1218;Loo Gld;
WP3068;12;Woonplaatsen;1219;'t Loo Oldebroek;
WP2392;12;Woonplaatsen;1220;Loon;
WP3053;12;Woonplaatsen;1221;Loon op Zand;
WP3061;12;Woonplaatsen;1222;Loosbroek;
WP3537;12;Woonplaatsen;1223;Loosdrecht;
WP1556;12;Woonplaatsen;1224;Loozen;
WP1960;12;Woonplaatsen;1225;Lopik;
WP1961;12;Woonplaatsen;1226;Lopikerkapel;
WP3449;12;Woonplaatsen;1227;Loppersum;
WP3239;12;Woonplaatsen;1228;Losdorp;
WP1713;12;Woonplaatsen;1229;Losser;
WP1033;12;Woonplaatsen;1230;Lottum;
WP2262;12;Woonplaatsen;1231;Lucaswolde;
WP1353;12;Woonplaatsen;1232;Luddeweer;
WP2183;12;Woonplaatsen;1233;Luinjeberd;
WP2765;12;Woonplaatsen;1234;Lunteren;
WP1104;12;Woonplaatsen;1235;Lutjebroek;
WP2177;12;Woonplaatsen;1236;Lutjegast;
WP2517;12;Woonplaatsen;1237;Lutjewinkel;
WP1714;12;Woonplaatsen;1238;de Lutte;
WP1273;12;Woonplaatsen;1239;Luttelgeest;
WP1557;12;Woonplaatsen;1240;Lutten;
WP1494;12;Woonplaatsen;1241;Luttenberg;
WP3351;12;Woonplaatsen;1242;Luxwoude;
WP1458;12;Woonplaatsen;1243;Luyksgestel;
WP2026;12;Woonplaatsen;1244;Lytsewierrum;
WP1568;13;Woonplaatsen;1245;Maarheeze;
WP3340;13;Woonplaatsen;1246;Maarn;
WP3341;13;Woonplaatsen;1247;Maarsbergen;
WP2064;13;Woonplaatsen;1248;Maarssen;
WP2936;13;Woonplaatsen;1249;Maartensdijk;
WP1772;13;Woonplaatsen;1250;Maasbommel;
WP1920;13;Woonplaatsen;1251;Maasbracht;
WP2601;13;Woonplaatsen;1252;Maasbree;
WP2382;13;Woonplaatsen;1253;Maasdam;
WP2658;13;Woonplaatsen;1254;Maasdijk;
WP1218;13;Woonplaatsen;1255;Maashees;
WP2806;13;Woonplaatsen;1256;Maasland;
WP1069;13;Woonplaatsen;1257;Maassluis;
WP1406;13;Woonplaatsen;1258;Maastricht;
WP1672;13;Woonplaatsen;1259;Maastricht-Airport;
WP3084;13;Woonplaatsen;1260;Maasvlakte Rotterdam;
WP3252;13;Woonplaatsen;1261;Macharen;
WP2577;13;Woonplaatsen;1262;Made;
WP1760;13;Woonplaatsen;1263;Makkinga;
WP2318;13;Woonplaatsen;1264;Makkum;
WP3494;13;Woonplaatsen;1265;Malden;
WP1290;13;Woonplaatsen;1266;Mander;
WP1291;13;Woonplaatsen;1267;Manderveen;
WP2027;13;Woonplaatsen;1268;Mantgum;
WP3016;13;Woonplaatsen;1269;Mantinge;
WP3471;13;Woonplaatsen;1270;Maren-Kessel;
WP1694;13;Woonplaatsen;1271;Margraten;
WP2043;13;Woonplaatsen;1272;Maria Hoop;
WP1448;13;Woonplaatsen;1273;Mariahout;
WP1292;13;Woonplaatsen;1274;Mariaparochie;
WP1558;13;Woonplaatsen;1275;Mariënberg;
WP1493;13;Woonplaatsen;1276;Mariënheem;
WP2230;13;Woonplaatsen;1277;Mariënvelde;
WP2705;13;Woonplaatsen;1278;Marijenkampen;
WP1444;13;Woonplaatsen;1279;Markelo;
WP1943;13;Woonplaatsen;1280;Marken;
WP3556;13;Woonplaatsen;1281;Markenbinnen;
WP1274;13;Woonplaatsen;1282;Marknesse;
WP1383;13;Woonplaatsen;1283;Marle;
WP3208;13;Woonplaatsen;1284;Marrum;
WP2730;13;Woonplaatsen;1285;Marsum;
WP2263;13;Woonplaatsen;1286;Marum;
WP1170;13;Woonplaatsen;1287;Marwijksoord;
WP2200;13;Woonplaatsen;1288;Mastenbroek;
WP2901;13;Woonplaatsen;1289;Mastenbroek;
WP1641;13;Woonplaatsen;1290;Matsloot;
WP3380;13;Woonplaatsen;1291;Maurik;
WP1231;13;Woonplaatsen;1292;Mechelen;
WP3151;13;Woonplaatsen;1293;Medemblik;
WP2277;13;Woonplaatsen;1294;Meeden;
WP3240;13;Woonplaatsen;1295;Meedhuizen;
WP2108;13;Woonplaatsen;1296;Meerkerk;
WP1858;13;Woonplaatsen;1297;Meerlo;
WP3297;13;Woonplaatsen;1298;De Meern;
WP1463;13;Woonplaatsen;1299;Meerssen;
WP3488;13;Woonplaatsen;1300;Meerstad;
WP1955;13;Woonplaatsen;1301;Meeuwen;
WP1584;13;Woonplaatsen;1302;Megchelen;
WP3251;13;Woonplaatsen;1303;Megen;
WP2140;13;Woonplaatsen;1304;Meijel;
WP1034;13;Woonplaatsen;1305;Melderslo;
WP2591;13;Woonplaatsen;1306;Melick;
WP2780;13;Woonplaatsen;1307;Meliskerke;
WP2379;13;Woonplaatsen;1308;Melissant;
WP2731;13;Woonplaatsen;1309;Menaam;
WP3421;13;Woonplaatsen;1310;Mensingeweer;
WP1082;13;Woonplaatsen;1311;Meppel;
WP2157;13;Woonplaatsen;1312;Meppen;
WP2847;13;Woonplaatsen;1313;Merkelbeek;
WP2331;13;Woonplaatsen;1314;Merselo;
WP3530;13;Woonplaatsen;1315;Meteren;
WP1035;13;Woonplaatsen;1316;Meterik;
WP3402;13;Woonplaatsen;1317;Metslawier;
WP1695;13;Woonplaatsen;1318;Mheer;
WP2801;13;Woonplaatsen;1319;Middelaar;
WP1007;13;Woonplaatsen;1320;Middelburg;
WP3143;13;Woonplaatsen;1321;Middelharnis;
WP1840;13;Woonplaatsen;1322;Middelie;
WP3450;13;Woonplaatsen;1323;Middelstum;
WP2170;13;Woonplaatsen;1324;Middenbeemster;
WP2434;13;Woonplaatsen;1325;Middenmeer;
WP2926;13;Woonplaatsen;1326;Midlaren;
WP2892;13;Woonplaatsen;1327;Midlum;
WP2619;13;Woonplaatsen;1328;Midsland;
WP1897;13;Woonplaatsen;1329;Midwolda;
WP2343;13;Woonplaatsen;1330;Midwolde;
WP3152;13;Woonplaatsen;1331;Midwoud;
WP1199;13;Woonplaatsen;1332;Miedum;
WP1127;13;Woonplaatsen;1333;Mierlo;
WP3549;13;Woonplaatsen;1334;Mijdrecht;
WP2383;13;Woonplaatsen;1335;Mijnsheerenland;
WP2191;13;Woonplaatsen;1336;Mildam;
WP2091;13;Woonplaatsen;1337;Milheeze;
WP1976;13;Woonplaatsen;1338;Mill;
WP2289;13;Woonplaatsen;1339;Millingen aan de Rijn;
WP2479;13;Woonplaatsen;1340;Milsbeek;
WP3333;13;Woonplaatsen;1341;Minnertsga;
WP1678;13;Woonplaatsen;1342;Mirns;
WP3403;13;Woonplaatsen;1343;Moddergat;
WP3054;13;Woonplaatsen;1344;De Moer;
WP1322;13;Woonplaatsen;1345;Moerdijk;
WP2647;13;Woonplaatsen;1346;Moergestel;
WP1212;13;Woonplaatsen;1347;Moerkapelle;
WP1593;13;Woonplaatsen;1348;Moerstraten;
WP1983;13;Woonplaatsen;1349;Molenaarsgraaf;
WP2802;13;Woonplaatsen;1350;Molenhoek;
WP2069;13;Woonplaatsen;1351;Molenschot;
WP1967;13;Woonplaatsen;1352;Molkwerum;
WP1944;13;Woonplaatsen;1353;Monnickendam;
WP2659;13;Woonplaatsen;1354;Monster;
WP1964;13;Woonplaatsen;1355;Montfoort;
WP2592;13;Woonplaatsen;1356;Montfort;
WP2803;13;Woonplaatsen;1357;Mook;
WP2796;13;Woonplaatsen;1358;Mookhoek;
WP1244;13;Woonplaatsen;1359;Moordrecht;
WP1464;13;Woonplaatsen;1360;Moorveld;
WP3404;13;Woonplaatsen;1361;Morra;
WP2093;13;Woonplaatsen;1362;De Mortel;
WP3632;13;Woonplaatsen;1363;Muiden;
WP1519;13;Woonplaatsen;1364;Muiderberg;
WP2446;13;Woonplaatsen;1365;Mûnein;
WP1725;13;Woonplaatsen;1366;Munnekeburen;
WP3312;13;Woonplaatsen;1367;Munnekezijl;
WP2816;13;Woonplaatsen;1368;Munstergeleen;
WP2278;13;Woonplaatsen;1369;Muntendam;
WP3077;13;Woonplaatsen;1370;Mussel;
WP3075;13;Woonplaatsen;1371;Musselkanaal;
WP2660;14;Woonplaatsen;1372;Naaldwijk;
WP1052;14;Woonplaatsen;1373;Naarden;
WP1278;14;Woonplaatsen;1374;Nagele;
WP3497;14;Woonplaatsen;1375;Nederasselt;
WP2633;14;Woonplaatsen;1376;Nederhemert;
WP3003;14;Woonplaatsen;1377;Nederhorst den Berg;
WP2706;14;Woonplaatsen;1378;Nederland;
WP2037;14;Woonplaatsen;1379;Nederweert;
WP2039;14;Woonplaatsen;1380;Nederweert-Eind;
WP1656;14;Woonplaatsen;1381;Neede;
WP2952;14;Woonplaatsen;1382;Neer;
WP3363;14;Woonplaatsen;1383;Neerijnen;
WP2953;14;Woonplaatsen;1384;Neeritter;
WP1777;14;Woonplaatsen;1385;Neerkant;
WP3261;14;Woonplaatsen;1386;Neerlangel;
WP3262;14;Woonplaatsen;1387;Neerloon;
WP2588;14;Woonplaatsen;1388;Nes;
WP3405;14;Woonplaatsen;1389;Nes;
WP3603;14;Woonplaatsen;1390;Nes;
WP1068;14;Woonplaatsen;1391;Netersel;
WP1583;14;Woonplaatsen;1392;Netterden;
WP3406;14;Woonplaatsen;1393;Niawier;
WP3153;14;Woonplaatsen;1394;Nibbixwoud;
WP2264;14;Woonplaatsen;1395;Niebert;
WP2121;14;Woonplaatsen;1396;Niehove;
WP2178;14;Woonplaatsen;1397;Niekerk;
WP3422;14;Woonplaatsen;1398;Niekerk;
WP1642;14;Woonplaatsen;1399;Nietap;
WP1171;14;Woonplaatsen;1400;Nieuw Annerveen;
WP1421;14;Woonplaatsen;1401;Nieuw Beerta;
WP1009;14;Woonplaatsen;1402;Nieuw- en Sint Joosland;
WP1499;14;Woonplaatsen;1403;Nieuw Heeten;
WP3093;14;Woonplaatsen;1404;Nieuw Namen;
WP1894;14;Woonplaatsen;1405;Nieuw Scheemda;
WP2634;14;Woonplaatsen;1406;Nieuwaal;
WP1993;14;Woonplaatsen;1407;Nieuw-Amsterdam;
WP3018;14;Woonplaatsen;1408;Nieuw-Balinge;
WP2887;14;Woonplaatsen;1409;Nieuw-Beijerland;
WP1797;14;Woonplaatsen;1410;Nieuw-Buinen;
WP1994;14;Woonplaatsen;1411;Nieuw-Dordrecht;
WP1259;14;Woonplaatsen;1412;Nieuwdorp;
WP2518;14;Woonplaatsen;1413;Nieuwe Niedorp;
WP1398;14;Woonplaatsen;1414;Nieuwe Pekela;
WP3037;14;Woonplaatsen;1415;Nieuwe Wetering;
WP2496;14;Woonplaatsen;1416;Nieuwebrug;
WP1172;14;Woonplaatsen;1417;Nieuwediep;
WP1108;14;Woonplaatsen;1418;Nieuwegein;
WP2194;14;Woonplaatsen;1419;Nieuwehorne;
WP2216;14;Woonplaatsen;1420;Nieuwendijk;
WP1394;14;Woonplaatsen;1421;Nieuwer Ter Aa;
WP2666;14;Woonplaatsen;1422;Nieuwerbrug aan den Rijn;
WP2680;14;Woonplaatsen;1423;Nieuwerkerk;
WP1016;14;Woonplaatsen;1424;Nieuwerkerk aan den IJssel;
WP1815;14;Woonplaatsen;1425;Nieuweroord;
WP3017;14;Woonplaatsen;1426;Nieuweroord;
WP2221;14;Woonplaatsen;1427;Nieuwersluis;
WP2187;14;Woonplaatsen;1428;Nieuweschoot;
WP3144;14;Woonplaatsen;1429;Nieuwe-Tonge;
WP2667;14;Woonplaatsen;1430;Nieuwkoop;
WP3502;14;Woonplaatsen;1431;Nieuwkuijk;
WP2111;14;Woonplaatsen;1432;Nieuwland;
WP1816;14;Woonplaatsen;1433;Nieuwlande;
WP2158;14;Woonplaatsen;1434;Nieuwlande Coevorden;
WP2795;14;Woonplaatsen;1435;Nieuw-Lekkerland;
WP1239;14;Woonplaatsen;1436;Nieuwleusen;
WP1896;14;Woonplaatsen;1437;Nieuwolda;
WP1807;14;Woonplaatsen;1438;Nieuwpoort;
WP1643;14;Woonplaatsen;1439;Nieuw-Roden;
WP1995;14;Woonplaatsen;1440;Nieuw-Schoonebeek;
WP2047;14;Woonplaatsen;1441;Nieuwstadt;
WP2670;14;Woonplaatsen;1442;Nieuwveen;
WP1602;14;Woonplaatsen;1443;Nieuw-Vennep;
WP2969;14;Woonplaatsen;1444;Nieuwvliet;
WP1404;14;Woonplaatsen;1445;Nieuw-Vossemeer;
WP1996;14;Woonplaatsen;1446;Nieuw-Weerdinge;
WP2122;14;Woonplaatsen;1447;Niezijl;
WP2569;14;Woonplaatsen;1448;Niftrik;
WP2222;14;Woonplaatsen;1449;Nigtevecht;
WP3330;14;Woonplaatsen;1450;Nij Altoenae;
WP3352;14;Woonplaatsen;1451;Nij Beets;
WP2607;14;Woonplaatsen;1452;Nijbroek;
WP1761;14;Woonplaatsen;1453;Nijeberkoop;
WP3284;14;Woonplaatsen;1454;Nijega;
WP3521;14;Woonplaatsen;1455;Nijehaske;
WP1726;14;Woonplaatsen;1456;Nijeholtpade;
WP1727;14;Woonplaatsen;1457;Nijeholtwolde;
WP1728;14;Woonplaatsen;1458;Nijelamer;
WP1679;14;Woonplaatsen;1459;Nijemirdum;
WP3116;14;Woonplaatsen;1460;Nijensleek;
WP1729;14;Woonplaatsen;1461;Nijetrijne;
WP1083;14;Woonplaatsen;1462;Nijeveen;
WP1972;14;Woonplaatsen;1463;Nijhuizum;
WP3606;14;Woonplaatsen;1464;Nijkerk;
WP3607;14;Woonplaatsen;1465;Nijkerkerveen;
WP2414;14;Woonplaatsen;1466;Nijland;
WP1173;14;Woonplaatsen;1467;Nijlande;
WP3030;14;Woonplaatsen;1468;Nijmegen;
WP3584;14;Woonplaatsen;1469;Nijverdal;
WP1591;14;Woonplaatsen;1470;Nispen;
WP1260;14;Woonplaatsen;1471;Nisse;
WP3062;14;Woonplaatsen;1472;Nistelrode;
WP2450;14;Woonplaatsen;1473;Noardburgum;
WP1174;14;Woonplaatsen;1474;Nooitgedacht;
WP1696;14;Woonplaatsen;1475;Noorbeek;
WP2171;14;Woonplaatsen;1476;Noordbeemster;
WP2279;14;Woonplaatsen;1477;Noordbroek;
WP1905;14;Woonplaatsen;1478;Noordeinde;
WP3070;14;Woonplaatsen;1479;Noordeinde Gld;
WP1436;14;Woonplaatsen;1480;Noordeloos;
WP2668;14;Woonplaatsen;1481;Noorden;
WP2681;14;Woonplaatsen;1482;Noordgouwe;
WP1325;14;Woonplaatsen;1483;Noordhoek;
WP2123;14;Woonplaatsen;1484;Noordhorn;
WP1268;14;Woonplaatsen;1485;Noordlaren;
WP1118;14;Woonplaatsen;1486;Noord-Scharwoude;
WP1817;14;Woonplaatsen;1487;Noordscheschut;
WP2159;14;Woonplaatsen;1488;Noord-Sleen;
WP2682;14;Woonplaatsen;1489;Noordwelle;
WP2061;14;Woonplaatsen;1490;Noordwijk;
WP2265;14;Woonplaatsen;1491;Noordwijk;
WP1927;14;Woonplaatsen;1492;Noordwijkerhout;
WP1730;14;Woonplaatsen;1493;Noordwolde;
WP2830;14;Woonplaatsen;1494;Noordwolde;
WP1142;14;Woonplaatsen;1495;Nootdorp;
WP1644;14;Woonplaatsen;1496;Norg;
WP1090;14;Woonplaatsen;1497;Notter;
WP2136;14;Woonplaatsen;1498;Nuenen;
WP2266;14;Woonplaatsen;1499;Nuis;
WP3611;14;Woonplaatsen;1500;Nuland;
WP2372;14;Woonplaatsen;1501;Numansdorp;
WP2954;14;Woonplaatsen;1502;Nunhem;
WP2982;14;Woonplaatsen;1503;Nunspeet;
WP2358;14;Woonplaatsen;1504;Nuth;
WP1411;14;Woonplaatsen;1505;Nutter;
WP2817;15;Woonplaatsen;1506;Obbicht;
WP1187;15;Woonplaatsen;1507;Obdam;
WP1097;15;Woonplaatsen;1508;Ochten;
WP2604;15;Woonplaatsen;1509;Odijk;
WP1849;15;Woonplaatsen;1510;Odiliapeel;
WP1798;15;Woonplaatsen;1511;Odoorn;
WP1799;15;Woonplaatsen;1512;Odoornerveen;
WP1219;15;Woonplaatsen;1513;Oeffelt;
WP2744;15;Woonplaatsen;1514;Oegstgeest;
WP1347;15;Woonplaatsen;1515;Oene;
WP2443;15;Woonplaatsen;1516;Oentsjerk;
WP1489;15;Woonplaatsen;1517;Den Oever;
WP3506;15;Woonplaatsen;1518;Offingawier;
WP1923;15;Woonplaatsen;1519;Ohé en Laak;
WP3470;15;Woonplaatsen;1520;Oijen;
WP3604;15;Woonplaatsen;1521;Oirlo;
WP2101;15;Woonplaatsen;1522;Oirsbeek;
WP1207;15;Woonplaatsen;1523;Oirschot;
WP2646;15;Woonplaatsen;1524;Oisterwijk;
WP2859;15;Woonplaatsen;1525;Okkenbroek;
WP1529;15;Woonplaatsen;1526;Olburgen;
WP1762;15;Woonplaatsen;1527;Oldeberkoop;
WP3071;15;Woonplaatsen;1528;Oldebroek;
WP1731;15;Woonplaatsen;1529;Oldeholtpade;
WP1732;15;Woonplaatsen;1530;Oldeholtwolde;
WP2124;15;Woonplaatsen;1531;Oldehove;
WP2179;15;Woonplaatsen;1532;Oldekerk;
WP1733;15;Woonplaatsen;1533;Oldelamer;
WP2707;15;Woonplaatsen;1534;Oldemarkt;
WP1668;15;Woonplaatsen;1535;Oldenzaal;
WP3476;15;Woonplaatsen;1536;Oldenzijl;
WP2498;15;Woonplaatsen;1537;Oldeouwer;
WP1734;15;Woonplaatsen;1538;Oldetrijne;
WP1379;15;Woonplaatsen;1539;Olst;
WP3353;15;Woonplaatsen;1540;Olterterp;
WP2930;15;Woonplaatsen;1541;Ommel;
WP3629;15;Woonplaatsen;1542;Ommen;
WP3381;15;Woonplaatsen;1543;Ommeren;
WP2831;15;Woonplaatsen;1544;Onderdendam;
WP2708;15;Woonplaatsen;1545;Onna;
WP1269;15;Woonplaatsen;1546;Onnen;
WP3076;15;Woonplaatsen;1547;Onstwedde;
WP2877;15;Woonplaatsen;1548;Ooij;
WP2133;15;Woonplaatsen;1549;Ooltgensplaat;
WP1208;15;Woonplaatsen;1550;Oost West en Middelbeers;
WP2960;15;Woonplaatsen;1551;Oostburg;
WP3464;15;Woonplaatsen;1552;Oostdijk;
WP2957;15;Woonplaatsen;1553;Oosteind;
WP2990;15;Woonplaatsen;1554;Oosterbeek;
WP1375;15;Woonplaatsen;1555;Oosterbierum;
WP3619;15;Woonplaatsen;1556;Oosterblokker;
WP2742;15;Woonplaatsen;1557;Oosterend;
WP2614;15;Woonplaatsen;1558;Oosterend;
WP2160;15;Woonplaatsen;1559;Oosterhesselen;
WP1869;15;Woonplaatsen;1560;Oosterhout;
WP3596;15;Woonplaatsen;1561;Oosterhout;
WP2683;15;Woonplaatsen;1562;Oosterland;
WP1510;15;Woonplaatsen;1563;Oosterleek;
WP3477;15;Woonplaatsen;1564;Oosternieland;
WP3407;15;Woonplaatsen;1565;Oosternijkerk;
WP1735;15;Woonplaatsen;1566;Oosterstreek;
WP2274;15;Woonplaatsen;1567;Oosterwijk;
WP3451;15;Woonplaatsen;1568;Oosterwijtwerd;
WP1763;15;Woonplaatsen;1569;Oosterwolde;
WP3072;15;Woonplaatsen;1570;Oosterwolde Gld;
WP2246;15;Woonplaatsen;1571;Oosterzee;
WP3554;15;Woonplaatsen;1572;Oost-Graftdijk;
WP2415;15;Woonplaatsen;1573;Oosthem;
WP1841;15;Woonplaatsen;1574;Oosthuizen;
WP2781;15;Woonplaatsen;1575;Oostkapelle;
WP2285;15;Woonplaatsen;1576;Oostknollendam;
WP3605;15;Woonplaatsen;1577;Oostrum;
WP3408;15;Woonplaatsen;1578;Oostrum;
WP1076;15;Woonplaatsen;1579;Oost-Souburg;
WP1209;15;Woonplaatsen;1580;Oostvoorne;
WP1898;15;Woonplaatsen;1581;Oostwold;
WP2344;15;Woonplaatsen;1582;Oostwold;
WP3567;15;Woonplaatsen;1583;Oostwoud;
WP2113;15;Woonplaatsen;1584;Oostzaan;
WP1412;15;Woonplaatsen;1585;Ootmarsum;
WP3285;15;Woonplaatsen;1586;Opeinde;
WP2180;15;Woonplaatsen;1587;Opende;
WP3364;15;Woonplaatsen;1588;Ophemert;
WP1098;15;Woonplaatsen;1589;Opheusden;
WP3365;15;Woonplaatsen;1590;Opijnen;
WP2082;15;Woonplaatsen;1591;Oploo;
WP2791;15;Woonplaatsen;1592;Opmeer;
WP2416;15;Woonplaatsen;1593;Oppenhuizen;
WP3155;15;Woonplaatsen;1594;Opperdoes;
WP3019;15;Woonplaatsen;1595;Oranje;
WP2189;15;Woonplaatsen;1596;Oranjewoud;
WP3020;15;Woonplaatsen;1597;Orvelte;
WP2038;15;Woonplaatsen;1598;Ospel;
WP3249;15;Woonplaatsen;1599;Oss;
WP1002;15;Woonplaatsen;1600;Ossendrecht;
WP3102;15;Woonplaatsen;1601;Ossenisse;
WP2842;15;Woonplaatsen;1602;Ossenwaard;
WP2709;15;Woonplaatsen;1603;Ossenzijl;
WP1888;15;Woonplaatsen;1604;Oterleek;
WP2767;15;Woonplaatsen;1605;Otterlo;
WP2480;15;Woonplaatsen;1606;Ottersum;
WP3628;15;Woonplaatsen;1607;Ottoland;
WP3540;15;Woonplaatsen;1608;Oud Ade;
WP1175;15;Woonplaatsen;1609;Oud Annerveen;
WP1248;15;Woonplaatsen;1610;Oud Gastel;
WP1413;15;Woonplaatsen;1611;Oud Ootmarsum;
WP2066;15;Woonplaatsen;1612;Oud Zuilen;
WP1985;15;Woonplaatsen;1613;Oud-Alblas;
WP2793;15;Woonplaatsen;1614;Oud-Beijerland;
WP2932;15;Woonplaatsen;1615;Ouddorp;
WP1599;15;Woonplaatsen;1616;Oude Meer;
WP2519;15;Woonplaatsen;1617;Oude Niedorp;
WP1397;15;Woonplaatsen;1618;Oude Pekela;
WP3039;15;Woonplaatsen;1619;Oude Wetering;
WP3117;15;Woonplaatsen;1620;Oude Willem;
WP3328;15;Woonplaatsen;1621;Oudebildtzijl;
WP1680;15;Woonplaatsen;1622;Oudega;
WP2417;15;Woonplaatsen;1623;Oudega;
WP3286;15;Woonplaatsen;1624;Oudega;
WP3522;15;Woonplaatsen;1625;Oudehaske;
WP2195;15;Woonplaatsen;1626;Oudehorne;
WP1261;15;Woonplaatsen;1627;Oudelande;
WP1681;15;Woonplaatsen;1628;Oudemirdum;
WP1320;15;Woonplaatsen;1629;Oudemolen;
WP2917;15;Woonplaatsen;1630;Oudemolen;
WP1246;15;Woonplaatsen;1631;Oudenbosch;
WP1188;15;Woonplaatsen;1632;Oudendijk;
WP1388;15;Woonplaatsen;1633;Oudenhoorn;
WP2129;15;Woonplaatsen;1634;Ouderkerk aan de Amstel;
WP2373;15;Woonplaatsen;1635;Ouderkerk aan den IJssel;
WP2233;15;Woonplaatsen;1636;Oudeschans;
WP2743;15;Woonplaatsen;1637;Oudeschild;
WP3478;15;Woonplaatsen;1638;Oudeschip;
WP2188;15;Woonplaatsen;1639;Oudeschoot;
WP2763;15;Woonplaatsen;1640;Oudesluis;
WP2134;15;Woonplaatsen;1641;Oude-Tonge;
WP1910;15;Woonplaatsen;1642;Oudewater;
WP1423;15;Woonplaatsen;1643;Oudezijl;
WP3519;15;Woonplaatsen;1644;Oudheusden;
WP1119;15;Woonplaatsen;1645;Oudkarspel;
WP3290;15;Woonplaatsen;1646;Oudkarspel;
WP2350;15;Woonplaatsen;1647;Oudorp;
WP2077;15;Woonplaatsen;1648;Oud-Vossemeer;
WP3313;15;Woonplaatsen;1649;Oudwoude;
WP2684;15;Woonplaatsen;1650;Ouwerkerk;
WP2500;15;Woonplaatsen;1651;Ouwsterhaule;
WP2501;15;Woonplaatsen;1652;Ouwster-Nijega;
WP3496;15;Woonplaatsen;1653;Overasselt;
WP3588;15;Woonplaatsen;1654;Overberg;
WP1715;15;Woonplaatsen;1655;Overdinkel;
WP3263;15;Woonplaatsen;1656;Overlangel;
WP1220;15;Woonplaatsen;1657;Overloon;
WP1354;15;Woonplaatsen;1658;Overschild;
WP1132;15;Woonplaatsen;1659;Overslag;
WP2653;15;Woonplaatsen;1660;Overveen;
WP1262;15;Woonplaatsen;1661;Ovezande;
WP2710;16;Woonplaatsen;1662;Paasloo;
WP3409;16;Woonplaatsen;1663;Paesens;
WP2979;16;Woonplaatsen;1664;Pannerden;
WP3443;16;Woonplaatsen;1665;Panningen;
WP1911;16;Woonplaatsen;1666;Papekop;
WP1477;16;Woonplaatsen;1667;Papendrecht;
WP2818;16;Woonplaatsen;1668;Papenhoven;
WP1176;16;Woonplaatsen;1669;Papenvoort;
WP2319;16;Woonplaatsen;1670;Parrega;
WP2910;16;Woonplaatsen;1671;Paterswolde;
WP1645;16;Woonplaatsen;1672;Peest;
WP1368;16;Woonplaatsen;1673;Peins;
WP1646;16;Woonplaatsen;1674;Peize;
WP1736;16;Woonplaatsen;1675;Peperga;
WP3085;16;Woonplaatsen;1676;Pernis Rotterdam;
WP2878;16;Woonplaatsen;1677;Persingen;
WP3118;16;Woonplaatsen;1678;Pesse;
WP1818;16;Woonplaatsen;1679;Pesse;
WP2761;16;Woonplaatsen;1680;Petten;
WP1133;16;Woonplaatsen;1681;Philippine;
WP2320;16;Woonplaatsen;1682;Piaam;
WP2888;16;Woonplaatsen;1683;Piershil;
WP3423;16;Woonplaatsen;1684;Pieterburen;
WP1374;16;Woonplaatsen;1685;Pietersbierum;
WP2125;16;Woonplaatsen;1686;Pieterzijl;
WP1141;16;Woonplaatsen;1687;Pijnacker;
WP2321;16;Woonplaatsen;1688;Pingjum;
WP2804;16;Woonplaatsen;1689;Plasmolen;
WP2635;16;Woonplaatsen;1690;Poederoijen;
WP2661;16;Woonplaatsen;1691;Poeldijk;
WP2698;16;Woonplaatsen;1692;De Pol;
WP1962;16;Woonplaatsen;1693;Polsbroek;
WP2363;16;Woonplaatsen;1694;Poortugaal;
WP2072;16;Woonplaatsen;1695;Poortvliet;
WP2533;16;Woonplaatsen;1696;Poppenwier;
WP1830;16;Woonplaatsen;1697;Ten Post;
WP2593;16;Woonplaatsen;1698;Posterholt;
WP1705;16;Woonplaatsen;1699;Prinsenbeek;
WP2906;16;Woonplaatsen;1700;Puiflijk;
WP2915;16;Woonplaatsen;1701;De Punt;
WP1049;16;Woonplaatsen;1702;Punthorst;
WP1946;16;Woonplaatsen;1703;Purmer;
WP1749;16;Woonplaatsen;1704;Purmer;
WP3103;16;Woonplaatsen;1705;Purmerend;
WP1330;16;Woonplaatsen;1706;Purmerland;
WP2102;16;Woonplaatsen;1707;Puth;
WP1003;16;Woonplaatsen;1708;Putte;
WP3580;16;Woonplaatsen;1709;Putten;
WP2384;16;Woonplaatsen;1710;Puttershoek;
WP1491;17;Woonplaatsen;1711;Raalte;
WP1752;17;Woonplaatsen;1712;Raamsdonk;
WP1750;17;Woonplaatsen;1713;Raamsdonksveer;
WP3410;17;Woonplaatsen;1714;Raard;
WP1559;17;Woonplaatsen;1715;Radewijk;
WP3563;17;Woonplaatsen;1716;Radio Kootwijk;
WP2534;17;Woonplaatsen;1717;Raerd;
WP1870;17;Woonplaatsen;1718;Randwijk;
WP1854;17;Woonplaatsen;1719;Ransdaal;
WP2470;17;Woonplaatsen;1720;Rasquert;
WP3254;17;Woonplaatsen;1721;Ravenstein;
WP3382;17;Woonplaatsen;1722;Ravenswaaij;
WP1764;17;Woonplaatsen;1723;Ravenswoud;
WP3272;17;Woonplaatsen;1724;Readtsjerk;
WP2028;17;Woonplaatsen;1725;Reahûs;
WP2535;17;Woonplaatsen;1726;Reduzum;
WP1852;17;Woonplaatsen;1727;Reek;
WP2476;17;Woonplaatsen;1728;Reeuwijk;
WP3559;17;Woonplaatsen;1729;Reeve;
WP1227;17;Woonplaatsen;1730;Reijmerstok;
WP3209;17;Woonplaatsen;1731;Reitsum;
WP1663;17;Woonplaatsen;1732;Rekken;
WP2685;17;Woonplaatsen;1733;Renesse;
WP2991;17;Woonplaatsen;1734;Renkum;
WP2141;17;Woonplaatsen;1735;Renswoude;
WP3137;17;Woonplaatsen;1736;Ressen;
WP2970;17;Woonplaatsen;1737;Retranchement;
WP1877;17;Woonplaatsen;1738;Reusel;
WP1293;17;Woonplaatsen;1739;Reutum;
WP1949;17;Woonplaatsen;1740;Reuver;
WP1528;17;Woonplaatsen;1741;Rha;
WP1501;17;Woonplaatsen;1742;Rheden;
WP2393;17;Woonplaatsen;1743;Rhee;
WP1560;17;Woonplaatsen;1744;Rheeze;
WP1561;17;Woonplaatsen;1745;Rheezerveen;
WP1399;17;Woonplaatsen;1746;Rhenen;
WP3528;17;Woonplaatsen;1747;Rhenoy;
WP2362;17;Woonplaatsen;1748;Rhoon;
WP2562;17;Woonplaatsen;1749;Ridderkerk;
WP1370;17;Woonplaatsen;1750;Ried;
WP2881;17;Woonplaatsen;1751;Riel;
WP2029;17;Woonplaatsen;1752;Rien;
WP1459;17;Woonplaatsen;1753;Riethoven;
WP1657;17;Woonplaatsen;1754;Rietmolen;
WP2070;17;Woonplaatsen;1755;Rijen;
WP1221;17;Woonplaatsen;1756;Rijkevoort;
WP2087;17;Woonplaatsen;1757;Rijkevoort-De Walsert;
WP3040;17;Woonplaatsen;1758;Rijnsaterwoude;
WP1708;17;Woonplaatsen;1759;Rijnsburg;
WP3553;17;Woonplaatsen;1760;De Rijp;
WP3546;17;Woonplaatsen;1761;Rijpwetering;
WP1682;17;Woonplaatsen;1762;Rijs;
WP3490;17;Woonplaatsen;1763;Rijsbergen;
WP1601;17;Woonplaatsen;1764;Rijsenhout;
WP1566;17;Woonplaatsen;1765;Rijssen;
WP2459;17;Woonplaatsen;1766;Rijswijk;
WP3383;17;Woonplaatsen;1767;Rijswijk (GLD);
WP3303;17;Woonplaatsen;1768;Rijswijk (NB);
WP3465;17;Woonplaatsen;1769;Rilland;
WP3270;17;Woonplaatsen;1770;Rinsumageast;
WP2094;17;Woonplaatsen;1771;De Rips;
WP1077;17;Woonplaatsen;1772;Ritthem;
WP1210;17;Woonplaatsen;1773;Rockanje;
WP1647;17;Woonplaatsen;1774;Roden;
WP3633;17;Woonplaatsen;1775;Roderesch;
WP1649;17;Woonplaatsen;1776;Roderwolde;
WP3042;17;Woonplaatsen;1777;Roelofarendsveen;
WP2281;17;Woonplaatsen;1778;Roermond;
WP1084;17;Woonplaatsen;1779;Rogat;
WP2955;17;Woonplaatsen;1780;Roggel;
WP2502;17;Woonplaatsen;1781;Rohel;
WP1177;17;Woonplaatsen;1782;Rolde;
WP3479;17;Woonplaatsen;1783;Roodeschool;
WP1588;17;Woonplaatsen;1784;Roosendaal;
WP2046;17;Woonplaatsen;1785;Roosteren;
WP1596;17;Woonplaatsen;1786;Rosmalen;
WP1414;17;Woonplaatsen;1787;Rossum;
WP1630;17;Woonplaatsen;1788;Rossum;
WP1997;17;Woonplaatsen;1789;Roswinkel;
WP2503;17;Woonplaatsen;1790;Rotstergaast;
WP2504;17;Woonplaatsen;1791;Rotsterhaule;
WP3086;17;Woonplaatsen;1792;Rotterdam;
WP2364;17;Woonplaatsen;1793;Rotterdam-Albrandswaard;
WP3287;17;Woonplaatsen;1794;Rottevalle;
WP3480;17;Woonplaatsen;1795;Rottum;
WP2505;17;Woonplaatsen;1796;Rottum;
WP1047;17;Woonplaatsen;1797;Rouveen;
WP2437;17;Woonplaatsen;1798;Rozenburg;
WP1598;17;Woonplaatsen;1799;Rozenburg;
WP2927;17;Woonplaatsen;1800;Rozendaal;
WP2581;17;Woonplaatsen;1801;Rucphen;
WP1683;17;Woonplaatsen;1802;Ruigahuizen;
WP3119;17;Woonplaatsen;1803;Ruinen;
WP3169;17;Woonplaatsen;1804;Ruinen;
WP3170;17;Woonplaatsen;1805;Ruinerwold;
WP3215;17;Woonplaatsen;1806;Rumpt;
WP1282;17;Woonplaatsen;1807;Rutten;
WP1658;17;Woonplaatsen;1808;Ruurlo;
WP2445;17;Woonplaatsen;1809;Ryptsjerk;
WP2126;18;Woonplaatsen;1810;Saaksum;
WP1415;18;Woonplaatsen;1811;Saasveld;
WP2471;18;Woonplaatsen;1812;Saaxumhuizen;
WP1222;18;Woonplaatsen;1813;Sambeek;
WP2418;18;Woonplaatsen;1814;Sandfirden;
WP2837;18;Woonplaatsen;1815;Santpoort-Noord;
WP2838;18;Woonplaatsen;1816;Santpoort-Zuid;
WP1021;18;Woonplaatsen;1817;Sappemeer;
WP1134;18;Woonplaatsen;1818;Sas van Gent;
WP2003;18;Woonplaatsen;1819;Sassenheim;
WP2472;18;Woonplaatsen;1820;Sauwerd;
WP2460;18;Woonplaatsen;1821;Schagen;
WP2756;18;Woonplaatsen;1822;Schagerbrug;
WP1851;18;Woonplaatsen;1823;Schaijk;
WP2860;18;Woonplaatsen;1824;Schalkhaar;
WP2056;18;Woonplaatsen;1825;Schalkwijk;
WP1369;18;Woonplaatsen;1826;Schalsum;
WP1842;18;Woonplaatsen;1827;Schardam;
WP2686;18;Woonplaatsen;1828;Scharendijke;
WP1355;18;Woonplaatsen;1829;Scharmer;
WP2419;18;Woonplaatsen;1830;Scharnegoutum;
WP2506;18;Woonplaatsen;1831;Scharsterbrug;
WP1189;18;Woonplaatsen;1832;Scharwoude;
WP1893;18;Woonplaatsen;1833;Scheemda;
WP2711;18;Woonplaatsen;1834;Scheerwolde;
WP1511;18;Woonplaatsen;1835;Schellinkhout;
WP1437;18;Woonplaatsen;1836;Schelluinen;
WP1889;18;Woonplaatsen;1837;Schermerhorn;
WP2073;18;Woonplaatsen;1838;Scherpenisse;
WP1737;18;Woonplaatsen;1839;Scherpenzeel;
WP2135;18;Woonplaatsen;1840;Scherpenzeel;
WP2322;18;Woonplaatsen;1841;Schettens;
WP1697;18;Woonplaatsen;1842;Scheulder;
WP1935;18;Woonplaatsen;1843;Schiedam;
WP2428;18;Woonplaatsen;1844;Schiermonnikoog;
WP2582;18;Woonplaatsen;1845;Schijf;
WP2139;18;Woonplaatsen;1846;Schijndel;
WP1356;18;Woonplaatsen;1847;Schildwolde;
WP2360;18;Woonplaatsen;1848;Schimmert;
WP1717;18;Woonplaatsen;1849;Schin op Geul;
WP2103;18;Woonplaatsen;1850;Schinnen;
WP2848;18;Woonplaatsen;1851;Schinveld;
WP1178;18;Woonplaatsen;1852;Schipborg;
WP1618;18;Woonplaatsen;1853;Schiphol;
WP1604;18;Woonplaatsen;1854;Schiphol-Rijk;
WP1085;18;Woonplaatsen;1855;De Schiphorst;
WP2805;18;Woonplaatsen;1856;Schipluiden;
WP1277;18;Woonplaatsen;1857;Schokland;
WP2971;18;Woonplaatsen;1858;Schoondijke;
WP1998;18;Woonplaatsen;1859;Schoonebeek;
WP2390;18;Woonplaatsen;1860;Schoonhoven;
WP1179;18;Woonplaatsen;1861;Schoonloo;
WP2161;18;Woonplaatsen;1862;Schoonoord;
WP2272;18;Woonplaatsen;1863;Schoonrewoerd;
WP3045;18;Woonplaatsen;1864;Schoorl;
WP1469;18;Woonplaatsen;1865;Schore;
WP3424;18;Woonplaatsen;1866;Schouwerzijl;
WP2323;18;Woonplaatsen;1867;Schraard;
WP1562;18;Woonplaatsen;1868;Schuinesloot;
WP2181;18;Woonplaatsen;1869;Sebaldeburen;
WP2295;18;Woonplaatsen;1870;Sellingen;
WP2687;18;Woonplaatsen;1871;Serooskerke;
WP2782;18;Woonplaatsen;1872;Serooskerke;
WP1515;18;Woonplaatsen;1873;Sevenum;
WP1373;18;Woonplaatsen;1874;Sexbierum;
WP3324;18;Woonplaatsen;1875;Sibculo;
WP1563;18;Woonplaatsen;1876;Sibculo;
WP2536;18;Woonplaatsen;1877;Sibrandabuorren;
WP3274;18;Woonplaatsen;1878;Sibrandahûs;
WP1357;18;Woonplaatsen;1879;Siddeburen;
WP1123;18;Woonplaatsen;1880;Siebengewald;
WP3354;18;Woonplaatsen;1881;Siegerswoude;
WP3156;18;Woonplaatsen;1882;Sijbekarspel;
WP1578;18;Woonplaatsen;1883;Silvolde;
WP1389;18;Woonplaatsen;1884;Simonshaven;
WP3065;18;Woonplaatsen;1885;Simpelveld;
WP1579;18;Woonplaatsen;1886;Sinderen;
WP1454;18;Woonplaatsen;1887;Sint Agatha;
WP1834;18;Woonplaatsen;1888;Sint Annen;
WP2083;18;Woonplaatsen;1889;Sint Anthonis;
WP1698;18;Woonplaatsen;1890;Sint Geertruid;
WP1977;18;Woonplaatsen;1891;Sint Hubert;
WP2712;18;Woonplaatsen;1892;Sint Jansklooster;
WP3089;18;Woonplaatsen;1893;Sint Jansteen;
WP2044;18;Woonplaatsen;1894;Sint Joost;
WP2973;18;Woonplaatsen;1895;Sint Kruis;
WP3291;18;Woonplaatsen;1896;Sint Maarten;
WP2759;18;Woonplaatsen;1897;Sint Maartensbrug;
WP2760;18;Woonplaatsen;1898;Sint Maartensvlotbrug;
WP2507;18;Woonplaatsen;1899;Sint Nicolaasga;
WP2594;18;Woonplaatsen;1900;Sint Odiliënberg;
WP1115;18;Woonplaatsen;1901;Sint Pancras;
WP2078;18;Woonplaatsen;1902;Sint Philipsland;
WP2584;18;Woonplaatsen;1903;St. Willebrord;
WP2076;18;Woonplaatsen;1904;Sint-Annaland;
WP3331;18;Woonplaatsen;1905;St.-Annaparochie;
WP3332;18;Woonplaatsen;1906;St.-Jacobiparochie;
WP2508;18;Woonplaatsen;1907;Sintjohannesga;
WP2074;18;Woonplaatsen;1908;Sint-Maartensdijk;
WP2060;18;Woonplaatsen;1909;Sint-Michielsgestel;
WP2787;18;Woonplaatsen;1910;Sint-Oedenrode;
WP2688;18;Woonplaatsen;1911;Sirjansland;
WP3512;18;Woonplaatsen;1912;Sittard;
WP2732;18;Woonplaatsen;1913;Skingen;
WP1564;18;Woonplaatsen;1914;Slagharen;
WP2733;18;Woonplaatsen;1915;Slappeterp;
WP2162;18;Woonplaatsen;1916;Sleen;
WP2217;18;Woonplaatsen;1917;Sleeuwijk;
WP1229;18;Woonplaatsen;1918;Slenaken;
WP2438;18;Woonplaatsen;1919;Sliedrecht;
WP1738;18;Woonplaatsen;1920;Slijkenburg;
WP1871;18;Woonplaatsen;1921;Slijk-Ewijk;
WP1358;18;Woonplaatsen;1922;Slochteren;
WP2435;18;Woonplaatsen;1923;Slootdorp;
WP1684;18;Woonplaatsen;1924;Sloten;
WP2962;18;Woonplaatsen;1925;Sluis;
WP1135;18;Woonplaatsen;1926;Sluiskil;
WP2334;18;Woonplaatsen;1927;Smakt;
WP3288;18;Woonplaatsen;1928;Smalle Ee;
WP2420;18;Woonplaatsen;1929;Smallebrugge;
WP3021;18;Woonplaatsen;1930;Smilde;
WP1200;18;Woonplaatsen;1931;Snakkerburen;
WP3504;18;Woonplaatsen;1932;Sneek;
WP1912;18;Woonplaatsen;1933;Snelrewaard;
WP2509;18;Woonplaatsen;1934;Snikzwaag;
WP1569;18;Woonplaatsen;1935;Soerendonk;
WP1013;18;Woonplaatsen;1936;Soest;
WP1014;18;Woonplaatsen;1937;Soesterberg;
WP2745;18;Woonplaatsen;1938;Someren;
WP3145;18;Woonplaatsen;1939;Sommelsdijk;
WP3520;18;Woonplaatsen;1940;Son en Breugel;
WP1685;18;Woonplaatsen;1941;Sondel;
WP1739;18;Woonplaatsen;1942;Sonnega;
WP3534;18;Woonplaatsen;1943;Spaarndam;
WP2908;18;Woonplaatsen;1944;Spaarndam gem. Haarlem;
WP2792;18;Woonplaatsen;1945;Spanbroek;
WP1740;18;Woonplaatsen;1946;Spanga;
WP1505;18;Woonplaatsen;1947;Spankeren;
WP2030;18;Woonplaatsen;1948;Spannum;
WP1671;18;Woonplaatsen;1949;Spaubeek;
WP3022;18;Woonplaatsen;1950;Spier;
WP3120;18;Woonplaatsen;1951;Spier;
WP1190;18;Woonplaatsen;1952;Spierdijk;
WP2980;18;Woonplaatsen;1953;Spijk;
WP3241;18;Woonplaatsen;1954;Spijk;
WP2356;18;Woonplaatsen;1955;Spijk;
WP3032;18;Woonplaatsen;1956;Spijkenisse;
WP1180;18;Woonplaatsen;1957;Spijkerboor;
WP2286;18;Woonplaatsen;1958;Spijkerboor;
WP2596;18;Woonplaatsen;1959;Sprang-Capelle;
WP2583;18;Woonplaatsen;1960;Sprundel;
WP1136;18;Woonplaatsen;1961;Spui;
WP3146;18;Woonplaatsen;1962;Stad aan 't Haringvliet;
WP3074;18;Woonplaatsen;1963;Stadskanaal;
WP1247;18;Woonplaatsen;1964;Stampersgat;
WP1324;18;Woonplaatsen;1965;Standdaarbuiten;
WP1046;18;Woonplaatsen;1966;Staphorst;
WP3555;18;Woonplaatsen;1967;Starnmeer;
WP3452;18;Woonplaatsen;1968;Startenhuizen;
WP3481;18;Woonplaatsen;1969;Startenhuizen;
WP2075;18;Woonplaatsen;1970;Stavenisse;
WP1969;18;Woonplaatsen;1971;Stavoren;
WP3453;18;Woonplaatsen;1972;Stedum;
WP1502;18;Woonplaatsen;1973;De Steeg;
WP1405;18;Woonplaatsen;1974;Steenbergen;
WP3634;18;Woonplaatsen;1975;Steenbergen;
WP1359;18;Woonplaatsen;1976;Steendam;
WP1526;18;Woonplaatsen;1977;Steenderen;
WP2608;18;Woonplaatsen;1978;Steenenkamer;
WP2995;18;Woonplaatsen;1979;Steensel;
WP2713;18;Woonplaatsen;1980;Steenwijk;
WP2714;18;Woonplaatsen;1981;Steenwijkerwold;
WP2553;18;Woonplaatsen;1982;Stegeren;
WP1741;18;Woonplaatsen;1983;Steggerda;
WP1913;18;Woonplaatsen;1984;Stein;
WP2933;18;Woonplaatsen;1985;Stellendam;
WP1316;18;Woonplaatsen;1986;Sterksel;
WP2084;18;Woonplaatsen;1987;Stevensbeek;
WP1922;18;Woonplaatsen;1988;Stevensweert;
WP1475;18;Woonplaatsen;1989;Steyl;
WP2163;18;Woonplaatsen;1990;Stieltjeskanaal;
WP3230;18;Woonplaatsen;1991;Stiens;
WP3482;18;Woonplaatsen;1992;Stitswerd;
WP2210;18;Woonplaatsen;1993;Stokkum;
WP2388;18;Woonplaatsen;1994;Stolwijk;
WP1890;18;Woonplaatsen;1995;Stompetoren;
WP2639;18;Woonplaatsen;1996;Stoutenburg;
WP1667;18;Woonplaatsen;1997;Stoutenburg Noord;
WP1975;18;Woonplaatsen;1998;Stramproy;
WP1805;18;Woonplaatsen;1999;Streefkerk;
WP2620;18;Woonplaatsen;2000;Striep;
WP3435;18;Woonplaatsen;2001;Strijbeek;
WP2797;18;Woonplaatsen;2002;Strijen;
WP2798;18;Woonplaatsen;2003;Strijensas;
WP1059;18;Woonplaatsen;2004;Stroe;
WP3180;18;Woonplaatsen;2005;Stroobos;
WP3023;18;Woonplaatsen;2006;Stuifzand;
WP1819;18;Woonplaatsen;2007;Stuifzand;
WP2453;18;Woonplaatsen;2008;Sumar;
WP3181;18;Woonplaatsen;2009;Surhuisterveen;
WP3182;18;Woonplaatsen;2010;Surhuizum;
WP2045;18;Woonplaatsen;2011;Susteren;
WP2448;18;Woonplaatsen;2012;Suwâld;
WP2283;18;Woonplaatsen;2013;Swalmen;
WP2104;18;Woonplaatsen;2014;Sweikhuizen;
WP1204;18;Woonplaatsen;2015;Swichum;
WP2431;18;Woonplaatsen;2016;Swifterbant;
WP1859;18;Woonplaatsen;2017;Swolgen;
WP2918;19;Woonplaatsen;2018;Taarlo;
WP3472;19;Woonplaatsen;2019;Teeffelen;
WP1203;19;Woonplaatsen;2020;Teerns;
WP1474;19;Woonplaatsen;2021;Tegelen;
WP2182;19;Woonplaatsen;2022;Terband;
WP1577;19;Woonplaatsen;2023;Terborg;
WP2578;19;Woonplaatsen;2024;Terheijden;
WP2537;19;Woonplaatsen;2025;Terherne;
WP3096;19;Woonplaatsen;2026;Terhole;
WP2510;19;Woonplaatsen;2027;Terkaple;
WP3242;19;Woonplaatsen;2028;Termunten;
WP3243;19;Woonplaatsen;2029;Termunterzijl;
WP3411;19;Woonplaatsen;2030;Ternaard;
WP1137;19;Woonplaatsen;2031;Terneuzen;
WP2511;19;Woonplaatsen;2032;Teroele;
WP3598;19;Woonplaatsen;2033;Terschuur;
WP2538;19;Woonplaatsen;2034;Tersoal;
WP3355;19;Woonplaatsen;2035;Terwispel;
WP2609;19;Woonplaatsen;2036;Terwolde;
WP3623;19;Woonplaatsen;2037;Teteringen;
WP2610;19;Woonplaatsen;2038;Teuge;
WP1832;19;Woonplaatsen;2039;Thesinge;
WP2071;19;Woonplaatsen;2040;Tholen;
WP1916;19;Woonplaatsen;2041;Thorn;
WP3601;19;Woonplaatsen;2042;Tiel;
WP1820;19;Woonplaatsen;2043;Tiendeveen;
WP3024;19;Woonplaatsen;2044;Tiendeveen;
WP2065;19;Woonplaatsen;2045;Tienhoven;
WP2107;19;Woonplaatsen;2046;Tienhoven aan de Lek;
WP1860;19;Woonplaatsen;2047;Tienray;
WP3356;19;Woonplaatsen;2048;Tijnje;
WP3276;19;Woonplaatsen;2049;De Tike;
WP1043;19;Woonplaatsen;2050;Tilburg;
WP1416;19;Woonplaatsen;2051;Tilligte;
WP2473;19;Woonplaatsen;2052;Tinallinge;
WP1211;19;Woonplaatsen;2053;Tinte;
WP3591;19;Woonplaatsen;2054;Tirns;
WP2422;19;Woonplaatsen;2055;Tjalhuizum;
WP2184;19;Woonplaatsen;2056;Tjalleberd;
WP2512;19;Woonplaatsen;2057;Tjerkgaast;
WP2324;19;Woonplaatsen;2058;Tjerkwerd;
WP1360;19;Woonplaatsen;2059;Tjuchem;
WP2345;19;Woonplaatsen;2060;Tolbert;
WP1531;19;Woonplaatsen;2061;Toldijk;
WP2981;19;Woonplaatsen;2062;Tolkamer;
WP1279;19;Woonplaatsen;2063;Tollebeek;
WP1110;19;Woonplaatsen;2064;Tonden;
WP3454;19;Woonplaatsen;2065;Toornwerd;
WP3531;19;Woonplaatsen;2066;Tricht;
WP3314;19;Woonplaatsen;2067;Triemen;
WP2276;19;Woonplaatsen;2068;Tripscompagnie;
WP1294;19;Woonplaatsen;2069;Tubbergen;
WP3366;19;Woonplaatsen;2070;Tuil;
WP3292;19;Woonplaatsen;2071;Tuitjenhorn;
WP2715;19;Woonplaatsen;2072;Tuk;
WP2055;19;Woonplaatsen;2073;Tull en 't Waal;
WP2611;19;Woonplaatsen;2074;Twello;
WP3183;19;Woonplaatsen;2075;Twijzel;
WP3184;19;Woonplaatsen;2076;Twijzelerheide;
WP3157;19;Woonplaatsen;2077;Twisk;
WP2919;19;Woonplaatsen;2078;Tynaarlo;
WP2447;19;Woonplaatsen;2079;Tytsjerk;
WP1362;19;Woonplaatsen;2080;Tzum;
WP1377;19;Woonplaatsen;2081;Tzummarum;
WP2395;20;Woonplaatsen;2082;Ubbena;
WP2879;20;Woonplaatsen;2083;Ubbergen;
WP3562;20;Woonplaatsen;2084;Uddel;
WP1847;20;Woonplaatsen;2085;Uden;
WP1045;20;Woonplaatsen;2086;Udenhout;
WP3121;20;Woonplaatsen;2087;Uffelte;
WP2256;20;Woonplaatsen;2088;Ugchelen;
WP1947;20;Woonplaatsen;2089;Uitdam;
WP2755;20;Woonplaatsen;2090;Uitgeest;
WP2062;20;Woonplaatsen;2091;Uithoorn;
WP3483;20;Woonplaatsen;2092;Uithuizen;
WP3484;20;Woonplaatsen;2093;Uithuizermeeden;
WP2423;20;Woonplaatsen;2094;Uitwellingerga;
WP3304;20;Woonplaatsen;2095;Uitwijk;
WP1465;20;Woonplaatsen;2096;Ulestraten;
WP1580;20;Woonplaatsen;2097;Ulft;
WP2884;20;Woonplaatsen;2098;Ulicoten;
WP3425;20;Woonplaatsen;2099;Ulrum;
WP1704;20;Woonplaatsen;2100;Ulvenhout;
WP3436;20;Woonplaatsen;2101;Ulvenhout AC;
WP3357;20;Woonplaatsen;2102;Ureterp;
WP2143;20;Woonplaatsen;2103;Urk;
WP1915;20;Woonplaatsen;2104;Urmond;
WP1891;20;Woonplaatsen;2105;Ursem;
WP1191;20;Woonplaatsen;2106;Ursem;
WP3485;20;Woonplaatsen;2107;Usquert;
WP3295;20;Woonplaatsen;2108;Utrecht;
WP1429;21;Woonplaatsen;2109;Vaals;
WP1345;21;Woonplaatsen;2110;Vaassen;
WP1872;21;Woonplaatsen;2111;Valburg;
WP1709;21;Woonplaatsen;2112;Valkenburg;
WP1718;21;Woonplaatsen;2113;Valkenburg;
WP1100;21;Woonplaatsen;2114;Valkenswaard;
WP1800;21;Woonplaatsen;2115;Valthe;
WP1801;21;Woonplaatsen;2116;Valthermond;
WP1781;21;Woonplaatsen;2117;2e Valthermond;
WP3367;21;Woonplaatsen;2118;Varik;
WP1582;21;Woonplaatsen;2119;Varsselder;
WP1574;21;Woonplaatsen;2120;Varsseveld;
WP1295;21;Woonplaatsen;2121;Vasse;
WP2234;21;Woonplaatsen;2122;Veelerveen;
WP1956;21;Woonplaatsen;2123;Veen;
WP1240;21;Woonplaatsen;2124;Veendam;
WP2048;21;Woonplaatsen;2125;Veenendaal;
WP3277;21;Woonplaatsen;2126;De Veenhoop;
WP1651;21;Woonplaatsen;2127;Veenhuizen;
WP3171;21;Woonplaatsen;2128;Veeningen;
WP3315;21;Woonplaatsen;2129;Veenklooster;
WP1999;21;Woonplaatsen;2130;Veenoord;
WP2783;21;Woonplaatsen;2131;Veere;
WP2866;21;Woonplaatsen;2132;Veessen;
WP2513;21;Woonplaatsen;2133;Vegelinsoord;
WP2827;21;Woonplaatsen;2134;Veghel;
WP2520;21;Woonplaatsen;2135;'t Veld;
WP1631;21;Woonplaatsen;2136;Velddriel;
WP1547;21;Woonplaatsen;2137;Den Velde;
WP3142;21;Woonplaatsen;2138;Velden;
WP1384;21;Woonplaatsen;2139;Veldhoven;
WP3198;21;Woonplaatsen;2140;Velp;
WP1500;21;Woonplaatsen;2141;Velp;
WP3538;21;Woonplaatsen;2142;Velsen-Noord;
WP3536;21;Woonplaatsen;2143;Velsen-Zuid;
WP2839;21;Woonplaatsen;2144;Velserbroek;
WP1565;21;Woonplaatsen;2145;Venebrugge;
WP3139;21;Woonplaatsen;2146;Venhorst;
WP1512;21;Woonplaatsen;2147;Venhuizen;
WP1473;21;Woonplaatsen;2148;Venlo;
WP2335;21;Woonplaatsen;2149;Venray;
WP2481;21;Woonplaatsen;2150;Ven-Zelderheide;
WP2996;21;Woonplaatsen;2151;Vessem;
WP2211;21;Woonplaatsen;2152;Vethuizen;
WP2336;21;Woonplaatsen;2153;Veulen;
WP2843;21;Woonplaatsen;2154;Vianen;
WP1455;21;Woonplaatsen;2155;Vianen NB;
WP1532;21;Woonplaatsen;2156;Vierakker;
WP2985;21;Woonplaatsen;2157;Vierhouten;
WP3426;21;Woonplaatsen;2158;Vierhuizen;
WP1223;21;Woonplaatsen;2159;Vierlingsbeek;
WP2369;21;Woonplaatsen;2160;Vierpolders;
WP1613;21;Woonplaatsen;2161;Vijfhuizen;
WP1431;21;Woonplaatsen;2162;Vijlen;
WP2554;21;Woonplaatsen;2163;Vilsteren;
WP1743;21;Woonplaatsen;2164;Vinkega;
WP3063;21;Woonplaatsen;2165;Vinkel;
WP3612;21;Woonplaatsen;2166;Vinkel;
WP2555;21;Woonplaatsen;2167;Vinkenbuurt;
WP3550;21;Woonplaatsen;2168;Vinkeveen;
WP2127;21;Woonplaatsen;2169;Visvliet;
WP1015;21;Woonplaatsen;2170;Vlaardingen;
WP2298;21;Woonplaatsen;2171;Vlagtwedde;
WP3122;21;Woonplaatsen;2172;Vledder;
WP3123;21;Woonplaatsen;2173;Vledderveen;
WP3078;21;Woonplaatsen;2174;Vledderveen;
WP3296;21;Woonplaatsen;2175;Vleuten;
WP3299;21;Woonplaatsen;2176;Vlieland;
WP1775;21;Woonplaatsen;2177;Vlierden;
WP3503;21;Woonplaatsen;2178;Vlijmen;
WP1078;21;Woonplaatsen;2179;Vlissingen;
WP2389;21;Woonplaatsen;2180;Vlist;
WP2595;21;Woonplaatsen;2181;Vlodrop;
WP1855;21;Woonplaatsen;2182;Voerendaal;
WP2651;21;Woonplaatsen;2183;Vogelenzang;
WP3095;21;Woonplaatsen;2184;Vogelwaarde;
WP1748;21;Woonplaatsen;2185;Volendam;
WP1848;21;Woonplaatsen;2186;Volkel;
WP2716;21;Woonplaatsen;2187;Vollenhove;
WP3087;21;Woonplaatsen;2188;Vondelingenplaat Rotterdam;
WP1622;21;Woonplaatsen;2189;Voorburg;
WP2004;21;Woonplaatsen;2190;Voorhout;
WP3231;21;Woonplaatsen;2191;Voorschoten;
WP1586;21;Woonplaatsen;2192;Voorst;
WP2612;21;Woonplaatsen;2193;Voorst;
WP3599;21;Woonplaatsen;2194;Voorthuizen;
WP2867;21;Woonplaatsen;2195;Vorchten;
WP3573;21;Woonplaatsen;2196;Vorden;
WP3064;21;Woonplaatsen;2197;Vorstenbosch;
WP1224;21;Woonplaatsen;2198;Vortum-Mullem;
WP2226;21;Woonplaatsen;2199;Vragender;
WP1181;21;Woonplaatsen;2200;Vredenheim;
WP2337;21;Woonplaatsen;2201;Vredepeel;
WP3525;21;Woonplaatsen;2202;Vreeland;
WP2912;21;Woonplaatsen;2203;Vries;
WP2235;21;Woonplaatsen;2204;Vriescheloo;
WP3325;21;Woonplaatsen;2205;Vriezenveen;
WP3326;21;Woonplaatsen;2206;Vroomshoop;
WP2672;21;Woonplaatsen;2207;Vrouwenakker;
WP3334;21;Woonplaatsen;2208;Vrouwenparochie;
WP2784;21;Woonplaatsen;2209;Vrouwenpolder;
WP1619;21;Woonplaatsen;2210;Vught;
WP2357;21;Woonplaatsen;2211;Vuren;
WP2031;22;Woonplaatsen;2212;Waaksens;
WP1809;22;Woonplaatsen;2213;Waal;
WP2739;22;Woonplaatsen;2214;De Waal;
WP1006;22;Woonplaatsen;2215;Waalre;
WP2597;22;Woonplaatsen;2216;Waalwijk;
WP1895;22;Woonplaatsen;2217;'t Waar;
WP3466;22;Woonplaatsen;2218;Waarde;
WP3368;22;Woonplaatsen;2219;Waardenburg;
WP2478;22;Woonplaatsen;2220;Waarder;
WP3305;22;Woonplaatsen;2221;Waardhuizen;
WP3293;22;Woonplaatsen;2222;Waarland;
WP3412;22;Woonplaatsen;2223;Waaxens;
WP2165;22;Woonplaatsen;2224;Wachtum;
WP3051;22;Woonplaatsen;2225;Waddinxveen;
WP2559;22;Woonplaatsen;2226;Wadenoijen;
WP2579;22;Woonplaatsen;2227;Wagenberg;
WP3244;22;Woonplaatsen;2228;Wagenborgen;
WP2006;22;Woonplaatsen;2229;Wageningen;
WP1719;22;Woonplaatsen;2230;Walem;
WP3101;22;Woonplaatsen;2231;Walsoorden;
WP3269;22;Woonplaatsen;2232;Wâlterswâld;
WP1773;22;Woonplaatsen;2233;Wamel;
WP2717;22;Woonplaatsen;2234;Wanneperveen;
WP2085;22;Woonplaatsen;2235;Wanroij;
WP1861;22;Woonplaatsen;2236;Wanssum;
WP3210;22;Woonplaatsen;2237;Wânswert;
WP2868;22;Woonplaatsen;2238;Wapenveld;
WP3124;22;Woonplaatsen;2239;Wapse;
WP3125;22;Woonplaatsen;2240;Wapserveen;
WP1843;22;Woonplaatsen;2241;Warder;
WP3486;22;Woonplaatsen;2242;Warffum;
WP3427;22;Woonplaatsen;2243;Warfhuizen;
WP3316;22;Woonplaatsen;2244;Warfstermolen;
WP3294;22;Woonplaatsen;2245;Warmenhuizen;
WP3542;22;Woonplaatsen;2246;Warmond;
WP1971;22;Woonplaatsen;2247;Warns;
WP1396;22;Woonplaatsen;2248;Warnsveld;
WP2540;22;Woonplaatsen;2249;Warstiens;
WP2541;22;Woonplaatsen;2250;Warten;
WP1765;22;Woonplaatsen;2251;Waskemeer;
WP2598;22;Woonplaatsen;2252;Waspik;
WP1821;22;Woonplaatsen;2253;Wassenaar;
WP3126;22;Woonplaatsen;2254;Wateren;
WP1945;22;Woonplaatsen;2255;Watergang;
WP1022;22;Woonplaatsen;2256;Waterhuizen;
WP2664;22;Woonplaatsen;2257;Wateringen;
WP2963;22;Woonplaatsen;2258;Waterlandkerkje;
WP3551;22;Woonplaatsen;2259;Waverveen;
WP2236;22;Woonplaatsen;2260;Wedde;
WP2789;22;Woonplaatsen;2261;De Weere;
WP1417;22;Woonplaatsen;2262;Weerselo;
WP1974;22;Woonplaatsen;2263;Weert;
WP3631;22;Woonplaatsen;2264;Weesp;
WP3428;22;Woonplaatsen;2265;Wehe-den Hoorn;
WP3248;22;Woonplaatsen;2266;Wehl;
WP2032;22;Woonplaatsen;2267;Weidum;
WP2000;22;Woonplaatsen;2268;Weiteveen;
WP2771;22;Woonplaatsen;2269;Wekerom;
WP1632;22;Woonplaatsen;2270;Well;
WP1124;22;Woonplaatsen;2271;Well L;
WP1125;22;Woonplaatsen;2272;Wellerlooi;
WP1382;22;Woonplaatsen;2273;Welsum;
WP1470;22;Woonplaatsen;2274;Wemeldinge;
WP3561;22;Woonplaatsen;2275;Wenum Wiesel;
WP2539;22;Woonplaatsen;2276;Wergea;
WP2218;22;Woonplaatsen;2277;Werkendam;
WP2605;22;Woonplaatsen;2278;Werkhoven;
WP3491;22;Woonplaatsen;2279;Wernhout;
WP3565;22;Woonplaatsen;2280;Wervershoof;
WP1381;22;Woonplaatsen;2281;Wesepe;
WP1919;22;Woonplaatsen;2282;Wessem;
WP2172;22;Woonplaatsen;2283;Westbeemster;
WP2939;22;Woonplaatsen;2284;Westbroek;
WP1802;22;Woonplaatsen;2285;Westdorp;
WP1138;22;Woonplaatsen;2286;Westdorpe;
WP1575;22;Woonplaatsen;2287;Westendorp;
WP2086;22;Woonplaatsen;2288;Westerbeek;
WP3025;22;Woonplaatsen;2289;Westerbork;
WP1023;22;Woonplaatsen;2290;Westerbroek;
WP3273;22;Woonplaatsen;2291;De Westereen;
WP3455;22;Woonplaatsen;2292;Westeremden;
WP3317;22;Woonplaatsen;2293;Westergeest;
WP3327;22;Woonplaatsen;2294;Westerhaar-Vriezenveensewijk;
WP1460;22;Woonplaatsen;2295;Westerhoven;
WP1490;22;Woonplaatsen;2296;Westerland;
WP1900;22;Woonplaatsen;2297;Westerlee;
WP3429;22;Woonplaatsen;2298;Westernieland;
WP1652;22;Woonplaatsen;2299;Westervelde;
WP1936;22;Woonplaatsen;2300;Westervoort;
WP3456;22;Woonplaatsen;2301;Westerwijtwerd;
WP1908;22;Woonplaatsen;2302;West-Graftdijk;
WP2424;22;Woonplaatsen;2303;Westhem;
WP3329;22;Woonplaatsen;2304;Westhoek;
WP2785;22;Woonplaatsen;2305;Westkapelle;
WP1881;22;Woonplaatsen;2306;Westknollendam;
WP2385;22;Woonplaatsen;2307;Westmaas;
WP2625;22;Woonplaatsen;2308;West-Terschelling;
WP1513;22;Woonplaatsen;2309;Westwoud;
WP1882;22;Woonplaatsen;2310;Westzaan;
WP2718;22;Woonplaatsen;2311;Wetering;
WP1606;22;Woonplaatsen;2312;Weteringbrug;
WP3413;22;Woonplaatsen;2313;Wetsens;
WP2474;22;Woonplaatsen;2314;Wetsinge;
WP2750;22;Woonplaatsen;2315;Weurt;
WP3073;22;Woonplaatsen;2316;Wezep;
WP2166;22;Woonplaatsen;2317;Wezup;
WP2167;22;Woonplaatsen;2318;Wezuperbrug;
WP3572;22;Woonplaatsen;2319;Wichmond;
WP2734;22;Woonplaatsen;2320;Wier;
WP1087;22;Woonplaatsen;2321;Wierden;
WP3187;22;Woonplaatsen;2322;Wieringerwaard;
WP2436;22;Woonplaatsen;2323;Wieringerwerf;
WP3414;22;Woonplaatsen;2324;Wierum;
WP2564;22;Woonplaatsen;2325;Wijchen;
WP1686;22;Woonplaatsen;2326;Wijckel;
WP1514;22;Woonplaatsen;2327;Wijdenes;
WP2288;22;Woonplaatsen;2328;Wijdewormer;
WP1380;22;Woonplaatsen;2329;Wijhe;
WP3162;22;Woonplaatsen;2330;de Wijk;
WP3552;22;Woonplaatsen;2331;Wijk aan Zee;
WP1302;22;Woonplaatsen;2332;Wijk bij Duurstede;
WP1957;22;Woonplaatsen;2333;Wijk en Aalburg;
WP1236;22;Woonplaatsen;2334;Wijlre;
WP2893;22;Woonplaatsen;2335;Wijnaldum;
WP2361;22;Woonplaatsen;2336;Wijnandsrade;
WP2212;22;Woonplaatsen;2337;Wijnbergen;
WP1986;22;Woonplaatsen;2338;Wijngaarden;
WP3358;22;Woonplaatsen;2339;Wijnjewoude;
WP3026;22;Woonplaatsen;2340;Wijster;
WP1979;22;Woonplaatsen;2341;Wilbertoord;
WP1241;22;Woonplaatsen;2342;Wildervank;
WP3278;22;Woonplaatsen;2343;De Wilgen;
WP1827;22;Woonplaatsen;2344;Wilhelminadorp;
WP3127;22;Woonplaatsen;2345;Wilhelminaoord;
WP2719;22;Woonplaatsen;2346;Willemsoord;
WP1317;22;Woonplaatsen;2347;Willemstad;
WP1931;22;Woonplaatsen;2348;Wilnis;
WP2613;22;Woonplaatsen;2349;Wilp;
WP2260;22;Woonplaatsen;2350;De Wilp;
WP2898;22;Woonplaatsen;2351;Wilsum;
WP2920;22;Woonplaatsen;2352;Winde;
WP2820;22;Woonplaatsen;2353;Windraak;
WP2521;22;Woonplaatsen;2354;Winkel;
WP1836;22;Woonplaatsen;2355;Winneweer;
WP1471;22;Woonplaatsen;2356;Winschoten;
WP2753;22;Woonplaatsen;2357;Winssen;
WP2033;22;Woonplaatsen;2358;Winsum;
WP2475;22;Woonplaatsen;2359;Winsum;
WP2997;22;Woonplaatsen;2360;Wintelre;
WP1478;22;Woonplaatsen;2361;Winterswijk;
WP1486;22;Woonplaatsen;2362;Winterswijk Brinkheurne;
WP1487;22;Woonplaatsen;2363;Winterswijk Corle;
WP1485;22;Woonplaatsen;2364;Winterswijk Henxel;
WP1480;22;Woonplaatsen;2365;Winterswijk Huppel;
WP1482;22;Woonplaatsen;2366;Winterswijk Kotten;
WP1479;22;Woonplaatsen;2367;Winterswijk Meddo;
WP1484;22;Woonplaatsen;2368;Winterswijk Miste;
WP1481;22;Woonplaatsen;2369;Winterswijk Ratum;
WP1483;22;Woonplaatsen;2370;Winterswijk Woold;
WP3457;22;Woonplaatsen;2371;Wirdum;
WP3545;22;Woonplaatsen;2372;Wirdum;
WP3191;22;Woonplaatsen;2373;Wissenkerke;
WP2556;22;Woonplaatsen;2374;Witharen;
WP2325;22;Woonplaatsen;2375;Witmarsum;
WP2720;22;Woonplaatsen;2376;Witte Paarden;
WP3128;22;Woonplaatsen;2377;Wittelte;
WP1233;22;Woonplaatsen;2378;Wittem;
WP3027;22;Woonplaatsen;2379;Witteveen;
WP2034;22;Woonplaatsen;2380;Wiuwert;
WP2035;22;Woonplaatsen;2381;Wjelsryp;
WP1004;22;Woonplaatsen;2382;Woensdrecht;
WP1071;22;Woonplaatsen;2383;Woerden;
WP2669;22;Woonplaatsen;2384;Woerdense Verlaat;
WP3158;22;Woonplaatsen;2385;Wognum;
WP3245;22;Woonplaatsen;2386;Woldendorp;
WP2989;22;Woonplaatsen;2387;Wolfheze;
WP1828;22;Woonplaatsen;2388;Wolphaartsdijk;
WP2425;22;Woonplaatsen;2389;Wolsum;
WP1833;22;Woonplaatsen;2390;Woltersum;
WP1744;22;Woonplaatsen;2391;Wolvega;
WP2036;22;Woonplaatsen;2392;Wommels;
WP2326;22;Woonplaatsen;2393;Wons;
WP1965;22;Woonplaatsen;2394;Workum;
WP2287;22;Woonplaatsen;2395;Wormer;
WP1883;22;Woonplaatsen;2396;Wormerveer;
WP3043;22;Woonplaatsen;2397;Woubrugge;
WP1361;22;Woonplaatsen;2398;Woudbloem;
WP2269;22;Woonplaatsen;2399;de Woude;
WP2523;22;Woonplaatsen;2400;Woudenberg;
WP3306;22;Woonplaatsen;2401;Woudrichem;
WP2426;22;Woonplaatsen;2402;Woudsend;
WP1589;22;Woonplaatsen;2403;Wouw;
WP1592;22;Woonplaatsen;2404;Wouwse Plantage;
WP2442;22;Woonplaatsen;2405;Wyns;
WP1206;22;Woonplaatsen;2406;Wytgaard;
WP2921;23;Woonplaatsen;2407;Yde;
WP3467;23;Woonplaatsen;2408;Yerseke;
WP2427;23;Woonplaatsen;2409;Ypecolsga;
WP3592;23;Woonplaatsen;2410;Ysbrechtum;
WP2338;23;Woonplaatsen;2411;Ysselsteyn;
WP1139;24;Woonplaatsen;2412;Zaamslag;
WP1884;24;Woonplaatsen;2413;Zaandam;
WP1885;24;Woonplaatsen;2414;Zaandijk;
WP2897;24;Woonplaatsen;2415;Zalk;
WP2636;24;Woonplaatsen;2416;Zaltbommel;
WP2758;24;Woonplaatsen;2417;'t Zand;
WP1803;24;Woonplaatsen;2418;Zandberg;
WP3487;24;Woonplaatsen;2419;Zandeweer;
WP1745;24;Woonplaatsen;2420;Zandhuizen;
WP2001;24;Woonplaatsen;2421;Zandpol;
WP3458;24;Woonplaatsen;2422;'t Zandt;
WP1305;24;Woonplaatsen;2423;Zandvoort;
WP2213;24;Woonplaatsen;2424;Zeddam;
WP2922;24;Woonplaatsen;2425;Zeegse;
WP1850;24;Woonplaatsen;2426;Zeeland;
WP3459;24;Woonplaatsen;2427;Zeerijp;
WP1075;24;Woonplaatsen;2428;Zeewolde;
WP2585;24;Woonplaatsen;2429;Zegge;
WP1074;24;Woonplaatsen;2430;Zegveld;
WP2923;24;Woonplaatsen;2431;Zeijen;
WP2396;24;Woonplaatsen;2432;Zeijerveen;
WP2397;24;Woonplaatsen;2433;Zeijerveld;
WP2821;24;Woonplaatsen;2434;Zeist;
WP3574;24;Woonplaatsen;2435;Zelhem;
WP3571;24;Woonplaatsen;2436;Zenderen;
WP2558;24;Woonplaatsen;2437;Zennewijnen;
WP3369;24;Woonplaatsen;2438;Zennewijnen;
WP1873;24;Woonplaatsen;2439;Zetten;
WP1297;24;Woonplaatsen;2440;Zevenaar;
WP1323;24;Woonplaatsen;2441;Zevenbergen;
WP1327;24;Woonplaatsen;2442;Zevenbergschen Hoek;
WP2580;24;Woonplaatsen;2443;Zevenbergschen Hoek;
WP2671;24;Woonplaatsen;2444;Zevenhoven;
WP1213;24;Woonplaatsen;2445;Zevenhuizen;
WP2346;24;Woonplaatsen;2446;Zevenhuizen;
WP2689;24;Woonplaatsen;2447;Zierikzee;
WP2229;24;Woonplaatsen;2448;Zieuwent;
WP2844;24;Woonplaatsen;2449;Zijderveld;
WP2522;24;Woonplaatsen;2450;Zijdewind;
WP3460;24;Woonplaatsen;2451;Zijldijk;
WP1928;24;Woonplaatsen;2452;De Zilk;
WP3384;24;Woonplaatsen;2453;Zoelen;
WP3385;24;Woonplaatsen;2454;Zoelmond;
WP2293;24;Woonplaatsen;2455;Zoetermeer;
WP2644;24;Woonplaatsen;2456;Zoeterwoude;
WP2690;24;Woonplaatsen;2457;Zonnemaire;
WP3129;24;Woonplaatsen;2458;Zorgvlied;
WP2786;24;Woonplaatsen;2459;Zoutelande;
WP3430;24;Woonplaatsen;2460;Zoutkamp;
WP2889;24;Woonplaatsen;2461;Zuid-Beijerland;
WP2280;24;Woonplaatsen;2462;Zuidbroek;
WP1140;24;Woonplaatsen;2463;Zuiddorpe;
WP1192;24;Woonplaatsen;2464;Zuidermeer;
WP1948;24;Woonplaatsen;2465;Zuiderwoude;
WP2128;24;Woonplaatsen;2466;Zuidhorn;
WP2925;24;Woonplaatsen;2467;Zuidlaarderveen;
WP1390;24;Woonplaatsen;2468;Zuidland;
WP2913;24;Woonplaatsen;2469;Zuidlaren;
WP2173;24;Woonplaatsen;2470;Zuidoostbeemster;
WP1117;24;Woonplaatsen;2471;Zuid-Scharwoude;
WP1892;24;Woonplaatsen;2472;Zuidschermer;
WP2721;24;Woonplaatsen;2473;Zuidveen;
WP3028;24;Woonplaatsen;2474;Zuidveld;
WP1653;24;Woonplaatsen;2475;Zuidvelde;
WP2832;24;Woonplaatsen;2476;Zuidwolde;
WP3172;24;Woonplaatsen;2477;Zuidwolde;
WP2972;24;Woonplaatsen;2478;Zuidzande;
WP2637;24;Woonplaatsen;2479;Zuilichem;
WP1091;24;Woonplaatsen;2480;Zuna;
WP3489;24;Woonplaatsen;2481;Zundert;
WP2327;24;Woonplaatsen;2482;Zurich;
WP1395;24;Woonplaatsen;2483;Zutphen;
WP3431;24;Woonplaatsen;2484;Zuurdijk;
WP2463;24;Woonplaatsen;2485;Zwaag;
WP1107;24;Woonplaatsen;2486;Zwaagdijk-Oost;
WP3159;24;Woonplaatsen;2487;Zwaagdijk-West;
WP1611;24;Woonplaatsen;2488;Zwaanshoek;
WP3318;24;Woonplaatsen;2489;Zwagerbosch;
WP1081;24;Woonplaatsen;2490;Zwammerdam;
WP1614;24;Woonplaatsen;2491;Zwanenburg;
WP3600;24;Woonplaatsen;2492;Zwartebroek;
WP2002;24;Woonplaatsen;2493;Zwartemeer;
WP2370;24;Woonplaatsen;2494;Zwartewaal;
WP2201;24;Woonplaatsen;2495;Zwartsluis;
WP2168;24;Woonplaatsen;2496;Zweeloo;
WP1367;24;Woonplaatsen;2497;Zweins;
WP3029;24;Woonplaatsen;2498;Zwiggelte;
WP2399;24;Woonplaatsen;2499;Zwijndrecht;
WP2169;24;Woonplaatsen;2500;Zwinderen;
WP1182;24;Woonplaatsen;2501;Zwolle;
